stock,stock code,net amount (S$M),published date
Singtel,Z74.SI,-6.313389,2019-01-07
DBS,D05.SI,-4.68727,2019-01-07
Yongnam Holdings,AXB.SI,-2.2112308184185,2019-01-07
Jardine Matheson,J36.SI,-2.02291799761962,2019-01-07
NetLink NBN Trust,CJLU.SI,-1.5143985,2019-01-07
StarHub,CC3.SI,-1.125573,2019-01-07
City Developments,C09.SI,-1.120242,2019-01-07
Parkway Life REIT,C2PU.SI,-0.804799,2019-01-07
Hutchison Port Holdings Trust,NS8U.SI,-0.632018180381774,2019-01-07
GSH Corporation,BDX.SI,-39.3798925,2019-01-14
CapitaLand Mall Trust,C38U.SI,-14.153367,2019-01-14
ComfortDelGro,C52.SI,-10.317097,2019-01-14
Silverlake Axis,5CP.SI,-5.266355,2019-01-14
StarHub,CC3.SI,-3.996145,2019-01-14
Sembcorp Marine,S51.SI,-3.320154,2019-01-14
Haw Par Corporation,H02.SI,-3.072064,2019-01-14
NetLink NBN Trust,CJLU.SI,-2.580111,2019-01-14
CSE Global,544.SI,-2.1455245,2019-01-14
Ascendas REIT,A17U.SI,-25.084823,2019-01-21
ComfortDelGro,C52.SI,-9.893042,2019-01-21
Sembcorp Industries,U96.SI,-9.029678,2019-01-21
CapitaLand Mall Trust,C38U.SI,-8.198789,2019-01-21
SATS,S58.SI,-6.837378,2019-01-21
Jardine Matheson,J36.SI,-5.05176900189999,2019-01-21
Singtel,Z74.SI,-4.316207,2019-01-21
UOB,U11.SI,-4.16343299999999,2019-01-21
Best World International,CGN.SI,-3.968375,2019-01-21
DBS,D05.SI,-96.57419,2019-01-28
UOB,U11.SI,-49.881548,2019-01-28
OCBC,O39.SI,-37.124095,2019-01-28
Keppel Corporation,BN4.SI,-25.975636,2019-01-28
Singtel,Z74.SI,-17.972432,2019-01-28
Ascendas REIT,A17U.SI,-14.761615,2019-01-28
Sembcorp Industries,U96.SI,-13.71214,2019-01-28
Genting Singapore,G13.SI,-12.782701,2019-01-28
DBS,D05.SI,-78.338363,2019-02-04
UOB,U11.SI,-64.21072,2019-02-04
Keppel Corporation,BN4.SI,-39.292904,2019-02-04
Singtel,Z74.SI,-34.947817,2019-02-04
Sembcorp Marine,S51.SI,-13.368962,2019-02-04
Sembcorp Industries,U96.SI,-11.19341,2019-02-04
OCBC,O39.SI,-10.017616,2019-02-04
SIA,C6L.SI,-8.240575,2019-02-04
Venture Corporation,V03.SI,-7.731993,2019-02-04
UOL Group,U14.SI,-4.919929,2019-02-04
Keppel Corporation,BN4.SI,-11.557831,2019-02-11
Venture Corporation,V03.SI,-8.752245,2019-02-11
Sembcorp Industries,U96.SI,-6.811136,2019-02-11
Sembcorp Marine,S51.SI,-6.072784,2019-02-11
ComfortDelGro,C52.SI,-5.551649,2019-02-11
Frasers L&I Trust,BUOU.SI,-2.544184,2019-02-11
CapitaLand Retail China Trust,AU8U.SI,-1.786796,2019-02-11
CapitaLand Mall Trust,C38U.SI,-1.503416,2019-02-11
Jardine Cycle & Carriage,C07.SI,-17.034937,2019-02-18
StarHub,CC3.SI,-15.448826,2019-02-18
Best World International,CGN.SI,-7.049441,2019-02-18
SIA Engineering,S59.SI,-6.406137,2019-02-18
Genting Singapore,G13.SI,-6.08132,2019-02-18
Yangzijiang Shipbuilding,BS6.SI,-6.056762,2019-02-18
Far East Hospitality Trust,Q5T.SI,-6.008183,2019-02-18
Valuetronics Holdings,BN2.SI,-5.6504965,2019-02-18
NetLink NBN Trust,CJLU.SI,-5.5366155,2019-02-18
ComfortDelGro,C52.SI,-4.257652,2019-02-18
OCBC,O39.SI,-88.79184,2019-02-25
UOB,U11.SI,-64.584614,2019-02-25
DBS,D05.SI,-39.076423,2019-02-25
StarHub,CC3.SI,-22.355155,2019-02-25
Genting Singapore,G13.SI,-12.631053,2019-02-25
City Developments,C09.SI,-10.662237,2019-02-25
Venture Corporation,V03.SI,-8.233175,2019-02-25
Mapletree Commercial Trust,N2IU.SI,-3.612642,2019-02-25
OCBC,O39.SI,-71.325006,2019-03-04
UOB,U11.SI,-64.004127,2019-03-04
Genting Singapore,G13.SI,-42.206612,2019-03-04
Best World International,CGN.SI,-32.793218,2019-03-04
City Developments,C09.SI,-18.554515,2019-03-04
Singtel,Z74.SI,-14.350373,2019-03-04
Keppel Corporation,BN4.SI,-13.586193,2019-03-04
UnUsUaL,1D1.SI,-12.06789946,2019-03-04
Jardine Matheson,J36.SI,-9.8260207181,2019-03-04
StarHub,CC3.SI,-9.435587,2019-03-04
Singtel,Z74.SI,-31.109926,2019-03-11
UOB,U11.SI,-22.454965,2019-03-11
OCBC,O39.SI,-15.912965,2019-03-11
Genting Singapore,G13.SI,-13.98718,2019-03-11
Jardine Matheson,J36.SI,-12.7025976666,2019-03-11
UOL Group,U14.SI,-11.715355,2019-03-11
CapitaLand Mall Trust,C38U.SI,-9.597485,2019-03-11
StarHub,CC3.SI,-7.143931,2019-03-11
China Sunsine Chemical,QES.SI,-4.796634,2019-03-11
First REIT,AW9U.SI,-4.5724995,2019-03-11
OCBC,O39.SI,-75.266638,2019-03-18
SGX,S68.SI,-29.5475,2019-03-18
Venture Corporation,V03.SI,-23.620628,2019-03-18
UOB,U11.SI,-19.736201,2019-03-18
CapitaLand Mall Trust,C38U.SI,-19.05303,2019-03-18
DBS,D05.SI,-18.330083,2019-03-18
StarHub,CC3.SI,-13.523055,2019-03-18
Keppel Corporation,BN4.SI,-11.939375,2019-03-18
Dairy Farm International,D01.SI,-11.864511190100002,2019-03-18
Sembcorp Industries,U96.SI,-9.289469,2019-03-18
Singtel,Z74.SI,-34.960608,2019-03-25
UOB,U11.SI,-26.852068,2019-03-25
Jardine Cycle & Carriage,C07.SI,-11.050101,2019-03-25
SGX,S68.SI,-7.612083,2019-03-25
ST Engineering,S63.SI,-6.602508,2019-03-25
Hongkong Land,H78.SI,-4.9087693269,2019-03-25
Wilmar International,F34.SI,-4.58366,2019-03-25
Jardine Matheson,J36.SI,-4.451694914700001,2019-03-25
OCBC,O39.SI,-46.771589,2019-04-01
GSH Corporation,BDX.SI,-18.1182285,2019-04-01
Keppel Infrastructure Trust,A7RU.SI,-12.150879,2019-04-01
Best World International,CGN.SI,-10.001389,2019-04-01
DBS,D05.SI,-9.201786,2019-04-01
SIA,C6L.SI,-8.076271,2019-04-01
CapitaLand Mall Trust,C38U.SI,-7.896046,2019-04-01
ST Engineering,S63.SI,-6.820023,2019-04-01
Hongkong Land,H78.SI,-6.710380424099999,2019-04-01
City Developments,C09.SI,-6.43236,2019-04-01
Genting Singapore,G13.SI,-61.4176155,2019-04-08
UOB,U11.SI,-48.550196,2019-04-08
Ascendas REIT,A17U.SI,-27.84823,2019-04-08
Singtel,Z74.SI,-18.880993,2019-04-08
Suntec REIT,T82U.SI,-14.087463,2019-04-08
ComfortDelGro,C52.SI,-12.016906,2019-04-08
CapitaLand Mall Trust,C38U.SI,-10.570601,2019-04-08
Best World International,CGN.SI,-8.90096,2019-04-08
SGX,S68.SI,-8.449229,2019-04-08
DBS,D05.SI,-51.661693,2019-04-15
Genting Singapore,G13.SI,-28.869618,2019-04-15
UOB,U11.SI,-28.844636,2019-04-15
OCBC,O39.SI,-17.781128,2019-04-15
SGX,S68.SI,-17.512528,2019-04-15
First REIT,AW9U.SI,-14.208995,2019-04-15
Suntec REIT,T82U.SI,-11.444075,2019-04-15
Best World International,CGN.SI,-10.271271,2019-04-15
OCBC,O39.SI,-29.015446,2019-04-22
SGX,S68.SI,-28.873657,2019-04-22
UOB,U11.SI,-28.345857,2019-04-22
Genting Singapore,G13.SI,-18.7318535,2019-04-22
CapitaLand Mall Trust,C38U.SI,-17.986832,2019-04-22
Singtel,Z74.SI,-14.783452,2019-04-22
DBS,D05.SI,-14.2180714,2019-04-22
City Developments,C09.SI,-8.690774,2019-04-22
DBS,D05.SI,-59.0905675,2019-04-29
Venture Corporation,V03.SI,-40.906111,2019-04-29
SGX,S68.SI,-20.951924,2019-04-29
Suntec REIT,T82U.SI,-19.356951,2019-04-29
Genting Singapore,G13.SI,-15.492298,2019-04-29
SIA,C6L.SI,-12.477819,2019-04-29
Keppel REIT,K71U.SI,-7.456429,2019-04-29
City Developments,C09.SI,-6.865419,2019-04-29
Singtel,Z74.SI,-5.8212728,2019-04-29
Ascendas REIT,A17U.SI,-5.239055,2019-04-29
Venture Corporation,V03.SI,-31.0491614,2019-05-06
Yangzijiang Shipbuilding,BS6.SI,-16.07424,2019-05-06
UOB,U11.SI,-13.7054104,2019-05-06
Jardine Cycle & Carriage,C07.SI,-9.358335,2019-05-06
NetLink NBN Trust,CJLU.SI,-4.050202,2019-05-06
AEM Holdings,AWX.SI,-3.899593,2019-05-06
Suntec REIT,T82U.SI,-3.705862,2019-05-06
Sheng Siong Group,OV8.SI,-3.181178,2019-05-06
UOL Group,U14.SI,-3.173571,2019-05-06
Ascendas REIT,A17U.SI,-3.1366146,2019-05-06
DBS,D05.SI,-56.444643,2019-05-13
Venture Corporation,V03.SI,-30.575218,2019-05-13
UOB ,U11.SI,-22.901115,2019-05-13
Sembcorp Marine,S51.SI,-17.594163,2019-05-13
OCBC,O39.SI,-15.607553,2019-05-13
ComfortDelGro,C52.SI,-8.424105,2019-05-13
AEM Holdings,AWX.SI,-7.1768205,2019-05-13
Suntec REIT,T82U.SI,-6.841649,2019-05-13
Genting Singapore,G13.SI,-22.685032,2019-05-20
Jardine Matheson,J36.SI,-16.3762359334,2019-05-20
OCBC,O39.SI,-11.275103,2019-05-20
UOB,U11.SI,-10.551463,2019-05-20
City Developments,C09.SI,-8.884656,2019-05-20
Keppel Corporation,BN4.SI,-8.80516,2019-05-20
SIA,C6L.SI,-8.209614,2019-05-20
SATS,S58.SI,-6.214057,2019-05-20
ST Engineering,S63.SI,-5.151894,2019-05-20
City Developments,C09.SI,-11.690572,2019-05-27
SIA,C6L.SI,-10.12359,2019-05-27
DBS,D05.SI,-8.941944,2019-05-27
Sembcorp Marine,S51.SI,-8.906567,2019-05-27
Wilmar International,F34.SI,-6.025585,2019-05-27
Keppel Corporation,BN4.SI,-4.192004,2019-05-27
Venture Corporation,V03.SI,-4.186094,2019-05-27
Mapletree Commercial Trust,N2IU.SI,-3.03332,2019-05-27
Yanlord Land,Z25.SI,-2.462579,2019-05-27
Jardine Matheson,J36.SI,-2.296135471100001,2019-05-27
UOB,U11.SI,-76.840673,2019-06-03
OCBC,O39.SI,-37.869972,2019-06-03
DBS,D05.SI,-20.851188,2019-06-03
Hongkong Land,H78.SI,-17.4514363173,2019-06-03
UOL Group,U14.SI,-11.88163,2019-06-03
Ascendas REIT,A17U.SI,-9.518836,2019-06-03
SIA,C6L.SI,-8.417585,2019-06-03
Suntec REIT,T82U.SI,-5.788213,2019-06-03
StarHub,CC3.SI,-5.30055,2019-06-03
Sembcorp Marine,S51.SI,-4.303871,2019-06-03
Genting Singapore,G13.SI,-14.3406465,2019-06-10
Sembcorp Industries,U96.SI,-10.411362,2019-06-10
Keppel Corporation,BN4.SI,-5.751292,2019-06-10
OCBC,O39.SI,-4.84358379,2019-06-10
SATS,S58.SI,-4.332868,2019-06-10
SIA,C6L.SI,-3.363557,2019-06-10
NetLink NBN Trust,CJLU.SI,-3.039256,2019-06-10
Ascendas REIT,A17U.SI,-2.991015,2019-06-10
StarHub,CC3.SI,-1.443335,2019-06-10
Raffles Medical Group,BSL.SI,-1.436772,2019-06-10
Sembcorp Industries,U96.SI,-21.026707,2019-06-17
Genting Singapore,G13.SI,-12.3099865,2019-06-17
SIA,C6L.SI,-11.742292,2019-06-17
Hongkong Land,H78.SI,-9.7948106758,2019-06-17
OCBC,O39.SI,-8.371916,2019-06-17
DBS,D05.SI,-5.493485,2019-06-17
Jardine Matheson,J36.SI,-4.9180861049,2019-06-17
Mapletree Commercial Trust,N2IU.SI,-3.595193,2019-06-17
CapitaLand Retail China Trust,AU8U.SI,-2.707052,2019-06-17
DBS,D05.SI,-76.685086,2019-06-24
CapitaLand Mall Trust,C38U.SI,-26.159167,2019-06-24
Ascendas REIT,A17U.SI,-16.58060814,2019-06-24
City Developments,C09.SI,-11.308454,2019-06-24
Sembcorp Industries,U96.SI,-10.448756,2019-06-24
Jardine Cycle & Carriage,C07.SI,-9.149191,2019-06-24
OCBC,O39.SI,-6.822149,2019-06-24
ESR-REIT,J91U.SI,-5.896066,2019-06-24
ST Engineering,S63.SI,-5.7201916,2019-06-24
DBS,D05.SI,-50.596615,2019-07-01
UOB,U11.SI,-42.517382,2019-07-01
Venture Corporation,V03.SI,-17.890605,2019-07-01
SIA,C6L.SI,-14.542597,2019-07-01
OCBC,O39.SI,-13.2537485,2019-07-01
Hongkong Land,H78.SI,-9.897930360900002,2019-07-01
Genting Singapore,G13.SI,-8.750277,2019-07-01
ST Engineering,S63.SI,-8.0239915,2019-07-01
Jardine Matheson,J36.SI,-6.605317440100001,2019-07-01
Mapletree Logistics Trust,M44U.SI,-5.484839,2019-07-01
DBS,D05.SI,-137.763023,2019-07-08
OCBC,O39.SI,-52.4359335,2019-07-08
UOB,U11.SI,-29.925705,2019-07-08
Venture Corporation,V03.SI,-18.037007,2019-07-08
Yangzijiang Shipbuilding,BS6.SI,-16.101096,2019-07-08
Sembcorp Marine,S51.SI,-15.806658,2019-07-08
Keppel Corporation,BN4.SI,-12.876307,2019-07-08
Singtel,Z74.SI,-9.302642,2019-07-08
Genting Singapore,G13.SI,-8.692012,2019-07-08
DBS,D05.SI,-100.775043,2019-07-15
Venture Corporation,V03.SI,-55.351489,2019-07-15
Ascendas REIT,A17U.SI,-39.154093,2019-07-15
OCBC,O39.SI,-38.366158,2019-07-15
UOB,U11.SI,-24.866451,2019-07-15
Keppel Corporation,BN4.SI,-24.09158761,2019-07-15
CapitaLand Mall Trust,C38U.SI,-20.92346,2019-07-15
Suntec REIT,T82U.SI,-20.157896,2019-07-15
Singtel,Z74.SI,-19.562975,2019-07-15
Ascendas REIT,A17U.SI,-30.988765,2019-07-22
SATS,S58.SI,-26.94076,2019-07-22
Singtel,Z74.SI,-23.772415,2019-07-22
Keppel Corporation,BN4.SI,-22.33995248,2019-07-22
UOB,U11.SI,-17.25262,2019-07-22
Suntec REIT,T82U.SI,-13.292746,2019-07-22
OCBC,O39.SI,-12.812675,2019-07-22
Singtel,Z74.SI,-25.916276,2019-07-29
SATS,S58.SI,-19.634721,2019-07-29
UOB,U11.SI,-16.787515,2019-07-29
Yangzijiang Shipbuilding,BS6.SI,-12.247501,2019-07-29
Mapletree Industrial Trust,ME8U.SI,-11.736041,2019-07-29
Hongkong Land,H78.SI,-10.8157926406,2019-07-29
Keppel REIT,K71U.SI,-10.016789,2019-07-29
CapitaLand Mall Trust,C38U.SI,-7.783749,2019-07-29
Mapletree Logistics Trust,M44U.SI,-7.657288,2019-07-29
UOB,U11.SI,-32.179172,2019-08-05
Keppel Corporation,BN4.SI,-29.246107,2019-08-05
OCBC,O39.SI,-25.595794,2019-08-05
Hongkong Land,H78.SI,-16.2619842641,2019-08-05
Mapletree Logistics Trust,M44U.SI,-13.010781,2019-08-05
Sembcorp Marine,S51.SI,-11.174804,2019-08-05
Suntec REIT,T82U.SI,-10.87387666,2019-08-05
Jardine Cycle & Carriage,C07.SI,-8.940445,2019-08-05
Jardine Matheson,J36.SI,-6.4765540608,2019-08-05
DBS,D05.SI,-111.84526902,2019-08-12
Yangzijiang Shipbuilding,BS6.SI,-38.2962065,2019-08-12
Hongkong Land,H78.SI,-28.3480661453,2019-08-12
Keppel Corporation,BN4.SI,-26.830471,2019-08-12
Mapletree Logistics Trust,M44U.SI,-15.274755,2019-08-12
OCBC,O39.SI,-14.537361,2019-08-12
Genting Singapore,G13.SI,-12.3750275,2019-08-12
Keppel REIT,K71U.SI,-9.08886163,2019-08-12
Jardine Cycle & Carriage,C07.SI,-8.751705,2019-08-12
Venture Corporation,V03.SI,-8.339441,2019-08-12
OCBC,O39.SI,-70.33664,2019-08-19
UOB,U11.SI,-24.518142,2019-08-19
Yangzijiang Shipbuilding,BS6.SI,-20.3456305,2019-08-19
Keppel Corporation,BN4.SI,-20.2352855,2019-08-19
ComfortDelGro,C52.SI,-17.644922,2019-08-19
SIA,C6L.SI,-10.218515,2019-08-19
DBS,D05.SI,-9.65108,2019-08-19
Wilmar International ,F34.SI,-9.404742,2019-08-19
ST Engineering,S63.SI,-7.348018,2019-08-19
DBS,D05.SI,-73.465022,2019-08-26
UOB,U11.SI,-30.596629,2019-08-26
Keppel Corporation,BN4.SI,-24.257846,2019-08-26
Yangzijiang Shipbuilding,BS6.SI,-24.230644,2019-08-26
OCBC,O39.SI,-20.783608,2019-08-26
SIA,C6L.SI,-13.901293,2019-08-26
Sembcorp Industries,U96.SI,-6.269867,2019-08-26
Genting Singapore,G13.SI,-5.8843825,2019-08-26
ST Engineering,S63.SI,-5.502904,2019-08-26
UOL Group,U14.SI,-4.488991,2019-08-26
BHG Retail REIT,BMGU.SI,-20.288099,2019-09-02
Thai Beverage,Y92.SI,-18.0441095,2019-09-02
Hongkong Land,H78.SI,-13.313680054,2019-09-02
Keppel Corporation,BN4.SI,-9.503354,2019-09-02
Sembcorp Industries,U96.SI,-9.321028,2019-09-02
Sembcorp Marine,S51.SI,-9.208201,2019-09-02
OCBC,O39.SI,-7.672757000000001,2019-09-02
Yangzijiang Shipbuilding,BS6.SI,-6.512659,2019-09-02
Yanlord Land,Z25.SI,-5.952443,2019-09-02
First REIT,AW9U.SI,-5.900047,2019-09-02
Thai Beverage,Y92.SI,-8.679591,2019-09-09
Mapletree Commercial Trust,N2IU.SI,-8.523465,2019-09-09
Keppel REIT,K71U.SI,-5.156534,2019-09-09
Wilmar International,F34.SI,-4.890076,2019-09-09
Keppel DC REIT,AJBU.SI,-4.521065,2019-09-09
Frasers Centrepoint Trust,J69U.SI,-3.937331,2019-09-09
City Developments,C09.SI,-3.633779,2019-09-09
ST Engineering,S63.SI,-3.381163879999999,2019-09-09
Dairy Farm International,D01.SI,-2.9762033668,2019-09-09
Eagle Hospitality Trust,LIW.SI,-2.5798155628499995,2019-09-09
OCBC,O39.SI,-24.612861,2019-09-16
CapitaLand Mall Trust,C38U.SI,-17.355495,2019-09-16
Mapletree Commercial Trust,N2IU.SI,-17.051849,2019-09-16
ComfortDelgro,C52.SI,-16.27535,2019-09-16
Keppel DC REIT,AJBU.SI,-16.241563,2019-09-16
Frasers Centrepoint Trust,J69U.SI,-14.560929,2019-09-16
Singtel,Z74.SI,-10.000286,2019-09-16
ST Engineering,S63.SI,-8.23768,2019-09-16
Netlink NBN Trust,CJLU.SI,-6.126294,2019-09-16
Yangzijiang Shipbuilding,BS6.SI,-22.031695,2019-09-23
Ascendas REIT,A17U.SI,-17.61001,2019-09-23
Bukit Sembawang Estates,B61.SI,-13.709862,2019-09-23
Eagle Hospitality Trust,LIW.SI,-11.891018633549995,2019-09-23
Wilmar International,F34.SI,-11.720316,2019-09-23
SGX,S68.SI,-10.637967,2019-09-23
Hongkong Land,H78.SI,-9.578358668400003,2019-09-23
Singtel,Z74.SI,-8.474798,2019-09-23
Yangzijiang Shipbuilding,BS6.SI,-11.354715,2019-09-30
Venture Corporation,V03.SI,-11.136079,2019-09-30
Keppel Corporation,BN4.SI,-6.98947,2019-09-30
Singtel,Z74.SI,-6.985987,2019-09-30
ComfortDelGro,C52.SI,-6.89632,2019-09-30
Hotel Properties,H15.SI,-6.35541,2019-09-30
Golden Agri-Resources,E5H.SI,-6.191361,2019-09-30
Frasers Centrepoint Trust,J69U.SI,-6.043655,2019-09-30
Yangzijiang Shipbuilding,BS6.SI,-27.4572245,2019-10-07
OCBC,O39.SI,-22.838207,2019-10-07
Keppel Corporation,BN4.SI,-20.779551,2019-10-07
DBS,D05.SI,-14.789118,2019-10-07
CapitaLand Mall Trust,C38U.SI,-14.727241,2019-10-07
Ascendas REIT,A17U.SI,-11.635614,2019-10-07
Sembcorp Industries,U96.SI,-11.075577,2019-10-07
Mapletree Commercial Trust,N2IU.SI,-9.746977,2019-10-07
Hongkong Land,H78.SI,-9.489070824,2019-10-07
OCBC,O39.SI,-14.962073,2019-10-14
Mapletree Commercial Trust,N2IU.SI,-12.73840007,2019-10-14
Hongkong Land,H78.SI,-12.417603318268004,2019-10-14
Lendlease REIT,JYEU.SI,-9.5257105,2019-10-14
Jardine Matheson,J36.SI,-5.477664557000006,2019-10-14
Thai Beverage,Y92.SI,-4.1471175,2019-10-14
Sembcorp Marine,S51.SI,-3.695444,2019-10-14
Ascendas REIT,A17U.SI,-3.281349,2019-10-14
SIA,C6L.SI,-3.173217,2019-10-14
DBS,D05.SI,-40.546562,2019-10-21
AIMS APAC REIT,O5RU.SI,-27.341005,2019-10-21
Keppel Corporation,BN4.SI,-22.78318672,2019-10-21
Ascendas REIT,A17U.SI,-19.33510966,2019-10-21
Yangzijiang Shipbuilding,BS6.SI,-16.7522405,2019-10-21
Mapletree Commercial Trust,N2IU.SI,-14.793603,2019-10-21
Hongkong Land,H78.SI,-11.8387733432,2019-10-21
CapitaLand Mall Trust,C38U.SI,-11.376791,2019-10-21
Keppel REIT,K71U.SI,-8.915325,2019-10-21
OCBC,O39.SI,-45.665058,2019-10-28
CapitaLand Mall Trust,C38U.SI,-21.669688,2019-10-28
Venture Corporation,V03.SI,-18.550341,2019-10-28
Hongkong Land,H78.SI,-10.250994079700002,2019-10-28
AIMS APAC REIT,O5RU.SI,-9.117675,2019-10-28
Eagle Hospitality Trust,LIW.SI,-8.235955909100001,2019-10-28
ComfortDelGro,C52.SI,-6.512898,2019-10-28
Yangzijiang Shipbuilding,BS6.SI,-6.3888455,2019-10-28
Mapletree Industrial Trust,ME8U.SI,-6.22647811,2019-10-28
Singtel,Z74.SI,-37.390412,2019-11-04
CapitaLand Mall Trust,C38U.SI,-24.94247,2019-11-04
Comfortdelgro,C52.SI,-24.61620136,2019-11-04
Ascendas REIT,A17U.SI,-20.419422,2019-11-04
Keppel Corporation,BN4.SI,-18.262581,2019-11-04
Suntec REIT,T82U.SI,-17.372803,2019-11-04
Mapletree Commercial Trust,N2IU.SI,-17.199527,2019-11-04
ST Engineering,S63.SI,-15.251127,2019-11-04
Ascendas REIT,A17U.SI,-71.57120768,2019-11-11
Mapletree Commercial Trust,N2IU.SI,-19.62450882,2019-11-11
CapitaLand Mall Trust,C38U.SI,-18.260851,2019-11-11
Singtel,Z74.SI,-18.198316,2019-11-11
Yangzijiang Shipbuilding,BS6.SI,-16.6024785,2019-11-11
SIA,C6L.SI,-15.48472948,2019-11-11
UOB,U11.SI,-15.190905,2019-11-11
Eagle Hospitality Trust,LIW.SI,-12.886958288099995,2019-11-11
Mapletree Logistics Trust,M44U.SI,-12.873866,2019-11-11
Singtel,Z74.SI,-34.849114,2019-11-18
Ascendas REIT,A17U.SI,-22.838968,2019-11-18
SGX,S68.SI,-17.56028,2019-11-18
UOB,U11.SI,-16.088247,2019-11-18
City Developments,C09.SI,-14.720877,2019-11-18
Mapletree Commercial Trust,N2IU.SI,-11.19743,2019-11-18
UOB,U11.SI,-20.036051,2019-11-25
Hongkong Land,H78.SI,-8.578346927500002,2019-11-25
Golden Agri-Resources,E5H.SI,-8.4307545,2019-11-25
Sembcorp Industries,U96.SI,-8.221023,2019-11-25
SPH REIT,SK6U.SI,-6.479433,2019-11-25
DBS,D05.SI,-6.393923,2019-11-25
Singapore Post,S08.SI,-5.2056235,2019-11-25
Golden Agri-Resources,E5H.SI,-54.393144,2019-12-02
CapitaLand Mall Trust,C38U.SI,-36.151797,2019-12-02
UOB,U11.SI,-19.546891,2019-12-02
DBS,D05.SI,-16.46054068,2019-12-02
Thai Beverage,Y92.SI,-10.148207,2019-12-02
City Developments,C09.SI,-9.238659,2019-12-02
SPH REIT,SK6U.SI,-8.776441,2019-12-02
OCBC,O39.SI,-32.574111,2019-12-09
DBS,D05.SI,-28.403327,2019-12-09
Eagle Hospitality Trust,LIW.SI,-14.914670060449994,2019-12-09
Frasers Logistics & Industrial Trust,BUOU.SI,-9.414133,2019-12-09
UOB,U11.SI,-8.263689,2019-12-09
Jardine Cycle & Carriage,C07.SI,-7.589191,2019-12-09
Thai Beverage,Y92.SI,-4.7233355,2019-12-09
AEM Holdings,AWX.SI,-3.879011,2019-12-09
ST Engineering,S63.SI,-30.415388,2019-12-16
Ascendas REIT,A17U.SI,-30.216639,2019-12-16
CapitaLand Mall Trust,C38U.SI,-29.070771,2019-12-16
Mapletree Commercial Trust,N2IU.SI,-25.933672,2019-12-16
Singtel,Z74.SI,-23.960062,2019-12-16
Jardine Matheson,J36.SI,-10.853365393300002,2019-12-16
Mapletree Industrial Trust,ME8U.SI,-10.367932,2019-12-16
Keppel DC REIT,AJBU.SI,-8.902768,2019-12-16
ST Engineering,S63.SI,-31.992254,2019-12-23
Yangzijiang Shipbuilding,BS6.SI,-25.620344,2019-12-23
ComfortDelGro,C52.SI,-15.1507,2019-12-23
Golden Agri-Resources,E5H.SI,-14.937646,2019-12-23
CapitaLand Mall Trust,C38U.SI,-13.83903,2019-12-23
Wilmar International,F34.SI,-12.7197913,2019-12-23
Thai Beverage,Y92.SI,-10.6570875,2019-12-23
SIA,C6L.SI,-9.770002,2019-12-23
Suntec REIT,T82U.SI,-8.913146,2019-12-23
SGX,S68.SI,-10.204726,2019-12-30
Lendlease Global Commercial REIT,JYEU.SI,-3.4279115,2019-12-30
Ascott Residence Trust,HMN.SI,-2.209669,2019-12-30
Eagle Hospitality Trust,LIW.SI,-1.9677956935999987,2019-12-30
Keppel Corporation,BN4.SI,-1.929024,2019-12-30
First REIT,AW9U.SI,-1.900489,2019-12-30
Genting Singapore,G13.SI,-1.684477,2019-12-30
UOB,U11.SI,-1.554194,2019-12-30
CDL Hospitality Trusts,J85.SI,-1.244759,2019-12-30
ST Engineering,S63.SI,-1.243612,2019-12-30
SGX,S68.SI,-41.312432,2020-01-06
Raffles Medical Group,BSL.SI,-5.295917,2020-01-06
EC World REIT,BWCU.SI,-3.85474,2020-01-06
ST Engineering,S63.SI,-3.109335,2020-01-06
CapitaLand Mall Trust,C38U.SI,-2.326665,2020-01-06
NetLink NBN Trust,CJLU.SI,-2.080597,2020-01-06
Dairy Farm International,D01.SI,-2.009070825,2020-01-06
First REIT,AW9U.SI,-1.972862,2020-01-06
Lendlease Global Commercial REIT,JYEU.SI,-1.940085,2020-01-06
DBS,D05.SI,-88.653396,2020-01-13
Singtel,Z74.SI,-37.175324,2020-01-13
ComfortDelGro,C52.SI,-34.798044,2020-01-13
Singapore Airlines,C6L.SI,-9.990392,2020-01-13
UOL Group,U14.SI,-7.290415,2020-01-13
Genting Singapore,G13.SI,-5.8944325,2020-01-13
Frasers Logistics & Industrial Trust,BUOU.SI,-5.184583,2020-01-13
Thai Beverage,Y92.SI,-4.3423135,2020-01-13
AusGroup,5GJ.SI,-3.8040314,2020-01-13
Suntec REIT,T82U.SI,-3.730249,2020-01-13
Singtel,Z74.SI,-57.7474527,2020-01-20
ComfortDelgro Corporation,C52.SI,-29.929062,2020-01-20
UOB,U11.SI,-24.17777700000001,2020-01-20
Thai Beverage,Y92.SI,-21.8394205,2020-01-20
Mapletree Commercial Trust,N2IU.SI,-8.036761,2020-01-20
SGX,S68.SI,-7.824851,2020-01-20
AEM Holdings,AWX.SI,-7.823,2020-01-20
Yangzijiang Shipbuilding,BS6.SI,-7.559161,2020-01-20
Genting Singapore,G13.SI,-7.0475140000000005,2020-01-20
Thai Beverage,Y92.SI,-36.7180385,2020-01-27
Yangzijiang Shipbuilding,BS6.SI,-18.093963,2020-01-27
UOB,U11.SI,-16.863287000000003,2020-01-27
SATS,S58.SI,-14.551824,2020-01-27
City Developments,C09.SI,-11.878376,2020-01-27
Keppel Corporation,BN4.SI,-7.424946,2020-01-27
SIA,C6L.SI,-5.724419,2020-01-27
ComfortDelgro,C52.SI,-5.272439,2020-01-27
Ascott Trust,HMN.SI,-4.775805,2020-01-27
Wilmar International,F34.SI,-4.7526506,2020-01-27
CDL Hospitality Trusts,J85.SI,-20.080817,2020-02-03
SATS,S58.SI,-17.578329,2020-02-03
Yangzijiang Shipbuilding,BS6.SI,-7.297978,2020-02-03
Medtecs International,546.SI,-6.638113,2020-02-03
Mapletree Commercial Trust,N2IU.SI,-6.027723,2020-02-03
Sasseur REIT,CRPU.SI,-5.077523,2020-02-03
Jardine Cycle & Carriage,C07.SI,-4.755353,2020-02-03
Riverstone Holdings,AP4.SI,-4.05654,2020-02-03
Genting Singapore,G13.SI,-3.9894860000000008,2020-02-03
SATS,S58.SI,-23.873659,2020-02-10
Mapletree Commercial Trust,N2IU.SI,-17.637602,2020-02-10
Sembcorp Industries,U96.SI,-12.099237,2020-02-10
CDL Hospitality Trusts,J85.SI,-10.651996,2020-02-10
CapitaLand Mall Trust,C38U.SI,-10.256427,2020-02-10
Genting Singapore,G13.SI,-8.7477085,2020-02-10
Mapletree Industrial Trust,ME8U.SI,-8.659737000000002,2020-02-10
CapitaLand Retail China Trust,AU8U.SI,-7.733175,2020-02-10
SIA,C6L.SI,-7.69342408,2020-02-10
Thai Beverage,Y92.SI,-6.412928,2020-02-10
DBS,D05.SI,-79.580611,2020-02-17
Singtel,Z74.SI,-39.0093839,2020-02-17
UOB,U11.SI,-35.841314000000004,2020-02-17
SATS,S58.SI,-14.020112,2020-02-17
Keppel Corporation,BN4.SI,-8.765049000000001,2020-02-17
Jardine Cycle & Carriage,C07.SI,-8.68003,2020-02-17
CDL Hospitality Trusts,J85.SI,-7.759373,2020-02-17
ComfortDelgro,C52.SI,-7.58601,2020-02-17
OCBC,O39.SI,-7.499001999999997,2020-02-17
DBS,D05.SI,-96.168143,2020-02-24
Singtel,Z74.SI,-70.6723731,2020-02-24
UOB,U11.SI,-63.757313,2020-02-24
ComfortDelGro,C52.SI,-39.145563,2020-02-24
City Developments,C09.SI,-14.448515,2020-02-24
Sembcorp Industries,U96.SI,-11.647489,2020-02-24
SIA,C6L.SI,-11.581318,2020-02-24
Hongkong Land,H78.SI,-5.4250173228000005,2020-02-24
Wilmar International,F34.SI,-4.598982,2020-02-24
DBS,D05.SI,-99.34343,2020-03-02
UOB,U11.SI,-58.232015,2020-03-02
Yangzijiang Shipbuilding,BS6.SI,-30.898066,2020-03-02
CDL Hospitality Trusts,J85.SI,-28.816275,2020-03-02
SATS,S58.SI,-19.35879,2020-03-02
SIA,C6L.SI,-18.949619,2020-03-02
Hongkong Land,H78.SI,-16.4871652944,2020-03-02
CapitaLand Mall Trust,C38U.SI,-16.421628,2020-03-02
Genting Singapore,G13.SI,-15.8815155,2020-03-02
City Developments,C09.SI,-13.19836,2020-03-02
DBS,D05.SI,-161.393601,2020-03-09
UOB,U11.SI,-142.01666300000002,2020-03-09
OCBC,O39.SI,-55.029358,2020-03-09
Yangzijiang Shipbuilding,BS6.SI,-25.130189,2020-03-09
SIA,C6L.SI,-15.767869,2020-03-09
Singtel,Z74.SI,-15.561576600000004,2020-03-09
Jardine Matheson,J36.SI,-10.6922633845,2020-03-09
Ascott Residence Trust,HMN.SI,-7.667147,2020-03-09
CDL Hospitality Trusts,J85.SI,-6.371052,2020-03-09
DBS,D05.SI,-215.92203,2020-03-16
OCBC,O39.SI,-158.693115,2020-03-16
UOB,U11.SI,-93.821423,2020-03-16
Keppel Corporation,BN4.SI,-67.832846,2020-03-16
Singtel,Z74.SI,-16.277956,2020-03-16
SIA,C6L.SI,-13.903429,2020-03-16
Keppel Infrastructure Trust,A7RU.SI,-7.6584365,2020-03-16
ComfortDelGro,C52.SI,-7.570161,2020-03-16
Wilmar International,F34.SI,-6.860864000000002,2020-03-16
Jardine Cycle & Carriage,C07.SI,-6.459089,2020-03-16
DBS,D05.SI,-250.561771,2020-03-23
OCBC,O39.SI,-162.678643,2020-03-23
Ascendas REIT,A17U.SI,-50.537376,2020-03-23
ST Engineering,S63.SI,-46.118925,2020-03-23
Singtel,Z74.SI,-46.1099407,2020-03-23
UOB,U11.SI,-38.103134,2020-03-23
Jardine Matheson,J36.SI,-33.8270716165,2020-03-23
City Developments Limited,C09.SI,-24.611192,2020-03-23
ComfortDelGro,C52.SI,-19.885811,2020-03-23
DBS,D05.SI,-31.60627,2020-03-30
ST Engineering,S63.SI,-26.2324,2020-03-30
OCBC,O39.SI,-24.996476,2020-03-30
SIA,C6L.SI,-24.666879999999995,2020-03-30
CapitaLand Mall Trust,C38U.SI,-11.160546,2020-03-30
City Developments Limited,C09.SI,-8.380453000000001,2020-03-30
Singtel,Z74.SI,-6.671605699999994,2020-03-30
CDL Hospitality Trusts,J85.SI,-6.471268,2020-03-30
UOB,U11.SI,-5.806456000000001,2020-03-30
DBS,D05.SI,-101.480352,2020-04-06
UOB,U11.SI,-48.117226,2020-04-06
OCBC,O39.SI,-46.764599,2020-04-06
CapitaLand Mall Trust,C38U.SI,-32.679621,2020-04-06
City Developments ,C09.SI,-26.27664,2020-04-06
Mapletree Commercial Trust,N2IU.SI,-19.877268,2020-04-06
Suntec REIT,T82U.SI,-13.89553,2020-04-06
Frasers Centrepoint Trust,J69U.SI,-13.035512,2020-04-06
Singtel,Z74.SI,-24.4798107,2020-04-13
ComfortDelGro,C52.SI,-17.880809,2020-04-13
DBS,D05.SI,-14.898247,2020-04-13
CapitaLand Mall Trust,C38U.SI,-13.499783000000004,2020-04-13
SATS,S58.SI,-10.541382,2020-04-13
ESR-REIT,J91U.SI,-10.459862,2020-04-13
Jardine Matheson,J36.SI,-8.124457407799996,2020-04-13
Mapletree Commercial Trust,N2IU.SI,-6.398339000000001,2020-04-13
Haw Par Corporation,H02.SI,-5.516044,2020-04-13
DBS,D05.SI,-45.1591095,2020-04-20
OCBC,O39.SI,-42.61071,2020-04-20
UOB,U11.SI,-37.317223,2020-04-20
SATS,S58.SI,-24.393508,2020-04-20
City Developments ,C09.SI,-16.979299,2020-04-20
Singtel,Z74.SI,-13.0143935,2020-04-20
CapitaLand Mall Trust,C38U.SI,-6.016277000000001,2020-04-20
Golden Agri-Resources,E5H.SI,-5.7965928,2020-04-20
Ascott Residence Trust,HMN.SI,-5.7023595,2020-04-20
DBS,D05.SI,-122.636202,2020-04-27
OCBC,O39.SI,-69.981414,2020-04-27
UOB,U11.SI,-60.517849,2020-04-27
CapitaLand Mall Trust,C38U.SI,-37.116375,2020-04-27
Suntec REIT,T82U.SI,-21.44878,2020-04-27
ComfortDelGro,C52.SI,-17.993589,2020-04-27
ST Engineering,S63.SI,-14.902094,2020-04-27
SATS,S58.SI,-13.391547,2020-04-27
Jardine Matheson,J36.SI,-11.1516437318,2020-04-27
UOB,U11.SI,-47.604014,2020-05-04
SGX,S68.SI,-21.382673,2020-05-04
Yangzijiang Shipbuilding,BS6.SI,-17.8498765,2020-05-04
SIA,C6L.SI,-13.884071,2020-05-04
Keppel DC REIT,AJBU.SI,-13.28691599999999,2020-05-04
Jardine Cycle & Carriage,C07.SI,-9.886556,2020-05-04
UOL Group,U14.SI,-8.709223,2020-05-04
Jardine Matheson,J36.SI,-8.119523670799998,2020-05-04
Thai Beverage,Y92.SI,-8.067021,2020-05-04
OCBC,O39.SI,-6.977652000000001,2020-05-04
SIA,C6L.SI,-87.058605,2020-05-11
Singtel,Z74.SI,-76.3002131,2020-05-11
UOB,U11.SI,-50.474554000000005,2020-05-11
OCBC,O39.SI,-49.175485,2020-05-11
DBS,D05.SI,-46.060597,2020-05-11
ST Engineering,S63.SI,-29.504953,2020-05-11
SATS,S58.SI,-29.49669,2020-05-11
Yangzijiang Shipbuilding,BS6.SI,-11.661421,2020-05-11
Wilmar International,F34.SI,-9.54211696,2020-05-11
DBS,D05.SI,-99.999948,2020-05-18
UOB,U11.SI,-92.399762,2020-05-18
SIA,C6L.SI,-70.149692,2020-05-18
OCBC,O39.SI,-68.58888400000001,2020-05-18
ComfortDelGro,C52.SI,-42.537651,2020-05-18
SATS,S58.SI,-41.257723,2020-05-18
Singtel,Z74.SI,-40.7039777,2020-05-18
City Developments,C09.SI,-25.095584,2020-05-18
ST Engineering,S63.SI,-18.971111,2020-05-18
OCBC,O39.SI,-121.117678,2020-05-25
SIA,C6L.SI,-93.821943,2020-05-25
ST Engineering,S63.SI,-39.545084,2020-05-25
Singtel,Z74.SI,-38.1962179,2020-05-25
UOB,U11.SI,-36.730563,2020-05-25
Mapletree Logistics Trust,M44U.SI,-29.106587,2020-05-25
City Developments ,C09.SI,-23.397279,2020-05-25
Thai Beverage,Y92.SI,-17.805732,2020-05-25
Hongkong Land,H78.SI,-17.5472981687,2020-05-25
UOL Group ,U14.SI,-12.157332,2020-05-25
Singtel,Z74.SI,-112.6842623,2020-06-01
UOB,U11.SI,-105.584622,2020-06-01
ComfortDelGro,C52.SI,-84.567311,2020-06-01
SGX,S68.SI,-74.446595,2020-06-01
SATS,S58.SI,-42.2984,2020-06-01
Sembcorp Industries,U96.SI,-33.763833,2020-06-01
OCBC,O39.SI,-24.17067,2020-06-01
Venture Corporation,V03.SI,-10.287037,2020-06-01
Singtel,Z74.SI,-67.42763520000001,2020-06-08
Mapletree Logistics Trust,M44U.SI,-56.736992,2020-06-08
SGX,S68.SI,-54.832379,2020-06-08
SIA,C6L.SI,-34.204393,2020-06-08
Mapletree Industrial Trust,ME8U.SI,-24.016816,2020-06-08
CapitaLand Mall Trust,C38U.SI,-14.913758,2020-06-08
Suntec REIT,T82U.SI,-12.77763,2020-06-08
Keppel Corporation,BN4.SI,-11.359571000000004,2020-06-08
Ascendas REIT,A17U.SI,-10.933,2020-06-08
UOB,U11.SI,-84.892557,2020-06-15
SGX,S68.SI,-37.7320059,2020-06-15
NetLink NBN Trust,CJLU.SI,-34.8856065,2020-06-15
Venture Corporation,V03.SI,-33.939226999999995,2020-06-15
Sembcorp Industries,U96.SI,-19.709906,2020-06-15
SIA,C6L.SI,-16.907059999999998,2020-06-15
Suntec REIT,T82U.SI,-15.075079,2020-06-15
Mapletree Logistics Trust,M44U.SI,-14.437532,2020-06-15
Hongkong Land,H78.SI,-13.152152096,2020-06-15
Singtel,Z74.SI,-12.6676979,2020-06-15
UOB,U11.SI,-136.980967,2020-06-22
DBS,D05.SI,-121.710249,2020-06-22
Singtel,Z74.SI,-64.95494120000001,2020-06-22
SIA,C6L.SI,-52.716589,2020-06-22
OCBC,O39.SI,-25.683071,2020-06-22
Wilmar International,F34.SI,-19.048624,2020-06-22
Suntec REIT,T82U.SI,-17.991948,2020-06-22
SATS,S58.SI,-17.451268,2020-06-22
ST Engineering,S63.SI,-15.72317,2020-06-22
DBS,D05.SI,-84.848171,2020-06-29
Singtel,Z74.SI,-43.6139138,2020-06-29
SIA,C6L.SI,-38.860129,2020-06-29
OCBC,O39.SI,-33.225193,2020-06-29
UOB,U11.SI,-27.710184000000005,2020-06-29
SGX,S68.SI,-19.545976,2020-06-29
ComfortDelGro,C52.SI,-16.334153999999998,2020-06-29
Mapletree Commercial Trust,N2IU.SI,-14.34781,2020-06-29
SATS,S58.SI,-12.667963,2020-06-29
ComfortDelGro,C52.SI,-25.497099,2020-07-06
SIA,C6L.SI,-23.015967,2020-07-06
SATS,S58.SI,-12.297412,2020-07-06
Mapletree Industrial Trust,ME8U.SI,-10.934585,2020-07-06
Sembcorp Industries,U96.SI,-9.276918,2020-07-06
NetLink NBN Trust,CJLU.SI,-8.078817,2020-07-06
Thai Beverage,Y92.SI,-7.586364000000001,2020-07-06
Hutchison Port Holdings Trust,NS8U.SI,-7.514140061640001,2020-07-06
Jardine Cycle & Carriage,C07.SI,-6.348404,2020-07-06
Singtel,Z74.SI,-28.9405088,2020-07-13
SATS,S58.SI,-19.776638,2020-07-13
ST Engineering,S63.SI,-13.096042,2020-07-13
ComfortDelGro,C52.SI,-9.358482,2020-07-13
Yangzijiang Shipbuilding,BS6.SI,-9.2149155,2020-07-13
Jardine Cycle & Carriage,C07.SI,-8.258372,2020-07-13
SIA,C6L.SI,-7.873409999999999,2020-07-13
Mapletree Commercial Trust,N2IU.SI,-6.283788,2020-07-13
UOL Group,U14.SI,-5.862717,2020-07-13
UOB,U11.SI,-50.317429,2020-07-20
SIA,C6L.SI,-26.464797,2020-07-20
Ascendas REIT,A17U.SI,-21.513674,2020-07-20
City Developments,C09.SI,-16.631453,2020-07-20
Thai Beverage,Y92.SI,-15.6600025,2020-07-20
ST Engineering,S63.SI,-12.443061,2020-07-20
DBS,D05.SI,-9.239996999999995,2020-07-20
Jardine Matheson,J36.SI,-8.263604338799974,2020-07-20
DBS,D05.SI,-90.818473,2020-07-27
OCBC,O39.SI,-38.372575,2020-07-27
Thai Beverage,Y92.SI,-25.1093,2020-07-27
Singtel,Z74.SI,-21.9924268,2020-07-27
UOB,U11.SI,-11.826537,2020-07-27
Jardine Cycle & Carriage,C07.SI,-10.968577000000002,2020-07-27
SIA,C6L.SI,-9.578661,2020-07-27
City Developments,C09.SI,-8.039832,2020-07-27
Keppel Corporation,BN4.SI,-7.12044,2020-07-27
NetLink NBN Trust,CJLU.SI,-7.000687,2020-07-27
DBS,D05.SI,-57.600035000000005,2020-08-03
OCBC,O39.SI,-43.943334,2020-08-03
UOB,U11.SI,-25.066422,2020-08-03
SGX,S68.SI,-18.563854,2020-08-03
Keppel Corporation,BN4.SI,-13.312874,2020-08-03
SIA,C6L.SI,-10.561822,2020-08-03
CapitaLand Mall Trust,C38U.SI,-10.495342,2020-08-03
Jardine Cycle & Carriage,C07.SI,-10.42898,2020-08-03
Singtel,Z74.SI,-9.4663964,2020-08-03
UOB,U11.SI,-30.148237,2020-08-10
ST Engineering,S63.SI,-23.136141,2020-08-10
Keppel Corporation,BN4.SI,-22.385872,2020-08-10
Jardine Cycle & Carriage,C07.SI,-21.192434,2020-08-10
Hongkong Land,H78.SI,-17.62157892840002,2020-08-10
Sri Trang Agro Industry,NC2.SI,-16.878944,2020-08-10
DBS,D05.SI,-15.247555999999998,2020-08-10
Genting Singapore,G13.SI,-14.2189075,2020-08-10
OCBC,O39.SI,-13.322813,2020-08-10
CapitaLand Retail China Trust,AU8U.SI,-9.029829,2020-08-10
Keppel Corporation,BN4.SI,-76.181206,2020-08-17
UOB,U11.SI,-28.868742,2020-08-17
Thai Beverage,Y92.SI,-15.1498265,2020-08-17
Wilmar International,F34.SI,-13.90019,2020-08-17
Riverstone Holdings,AP4.SI,-12.258811,2020-08-17
Jardine Cycle & Carriage,C07.SI,-9.964435,2020-08-17
Top Glove Corporation,BVA.SI,-9.869846,2020-08-17
Keppel DC REIT,AJBU.SI,-8.952859,2020-08-17
Sri Trang Agro-Industry,NC2.SI,-8.476092,2020-08-17
Sheng Siong,OV8.SI,-7.374942,2020-08-17
Wilmar International,F34.SI,-46.915514,2020-08-24
Singtel,Z74.SI,-44.0455104,2020-08-24
City Developments,C09.SI,-16.061314,2020-08-24
Keppel Corporation,BN4.SI,-12.678181,2020-08-24
Mapletree Logistics Trust,M44U.SI,-11.430994,2020-08-24
Genting Singapore,G13.SI,-11.036049,2020-08-24
UOB,U11.SI,-9.392882,2020-08-24
SGX,S68.SI,-7.809534999999999,2020-08-24
Frencken Group,E28.SI,-7.409034,2020-08-24
UOB,U11.SI,-11.77758,2020-08-31
Thai Beverage,Y92.SI,-8.4875495,2020-08-31
Avarga,U09.SI,-7.338190599999999,2020-08-31
Keppel DC REIT,AJBU.SI,-7.165101,2020-08-31
Mapletree Industrial Trust,ME8U.SI,-7.155336,2020-08-31
CapitaLand Retail China Trust,AU8U.SI,-6.55513,2020-08-31
Aspen Group,1F3.SI,-6.1584065,2020-08-31
Keppel Corporation,BN4.SI,-5.7311630000000005,2020-08-31
Mapletree Logistics Trust,M44U.SI,-5.651398,2020-08-31
ISDN Holdings,I07.SI,-4.598232,2020-08-31
SIA,C6L.SI,-11.61015,2020-09-07
Riverstone Holdings,AP4.SI,-11.48442,2020-09-07
UOB,U11.SI,-10.094259,2020-09-07
Thai Beverage,Y92.SI,-9.4327795,2020-09-07
Top Glove Corporation,BVA.SI,-8.926652,2020-09-07
ComfortDelGro,C52.SI,-6.60425,2020-09-07
Venture Corporation,V03.SI,-4.966848,2020-09-07
Keppel Corporation,BN4.SI,-4.823579,2020-09-07
First REIT,AW9U.SI,-4.523669,2020-09-07
NetLink NBN Trust,CJLU.SI,-4.339787500000001,2020-09-07
Wilmar International,F34.SI,-15.526669000000002,2020-09-14
SIA,C6L.SI,-14.766784,2020-09-14
Top Glove Corporation,BVA.SI,-14.00435,2020-09-14
UOB,U11.SI,-11.861196000000003,2020-09-14
SGX,S68.SI,-11.36688,2020-09-14
Sembcorp Industries,U96.SI,-8.863375999999999,2020-09-14
Keppel Corporation,BN4.SI,-7.610301,2020-09-14
AEM Holdings,AWX.SI,-7.274748,2020-09-14
Frasers Logistics & Commercial Trust,BUOU.SI,-4.234098,2020-09-14
Sheng Siong,OV8.SI,-4.128322,2020-09-14
DBS,D05.SI,-85.07367500000001,2020-09-21
OCBC,O39.SI,-22.288997,2020-09-21
Top Glove Corporation,BVA.SI,-19.121125,2020-09-21
Singtel,Z74.SI,-16.9554024,2020-09-21
UOB,U11.SI,-8.186019,2020-09-21
ST Engineering,S63.SI,-7.913966999999999,2020-09-21
Venture Corporation ,V03.SI,-7.664090000000002,2020-09-21
CapitaLand Retail China Trust,AU8U.SI,-5.539012,2020-09-21
DBS,D05.SI,-41.927114,2020-09-28
OCBC,O39.SI,-36.387008,2020-09-28
UOB,U11.SI,-31.654603,2020-09-28
Singtel,Z74.SI,-25.7087683,2020-09-28
City Developments,C09.SI,-13.990202,2020-09-28
ComfortDelGro,C52.SI,-13.8385065,2020-09-28
Keppel DC REIT,AJBU.SI,-11.871758,2020-09-28
Mapletree Industrial Trust,ME8U.SI,-11.800351,2020-09-28
AEM Holdings,AWX.SI,-11.088427,2020-09-28
Thai Beverage,Y92.SI,-10.966713,2020-09-28
DBS,D05.SI,-34.406338000000005,2020-10-05
CapitaLand Mall Trust,C38U.SI,-26.001372,2020-10-05
Singtel,Z74.SI,-24.5237338,2020-10-05
Frasers Centrepoint Trust,J69U.SI,-21.127733000000003,2020-10-05
City Developments,C09.SI,-20.425012,2020-10-05
OCBC,O39.SI,-17.956718,2020-10-05
Ascendas REIT,A17U.SI,-9.230427,2020-10-05
Wilmar International,F34.SI,-8.202967999999998,2020-10-05
Keppel DC REIT,AJBU.SI,-7.991716,2020-10-05
Mapletree Commercial Trust,N2IU.SI,-6.788508,2020-10-05
Singtel,Z74.SI,-21.1078243,2020-10-12
OCBC,O39.SI,-16.333494,2020-10-12
Ascendas REIT,A17U.SI,-13.741384,2020-10-12
UOB,U11.SI,-12.686995,2020-10-12
SIA,C6L.SI,-10.19626,2020-10-12
City Developments,C09.SI,-8.845469,2020-10-12
Thai Beverage,Y92.SI,-7.6374825,2020-10-12
Frasers Logistics & Commercial Trust,BUOU.SI,-7.512303999999999,2020-10-12
UG Healthcare,8K7.SI,-6.070705,2020-10-12
Yangzijiang Shipbuilding,BS6.SI,-5.653421,2020-10-12
Wilmar International,F34.SI,-40.896373,2020-10-19
Thai Beverage,Y92.SI,-19.4109655,2020-10-19
Yangzijiang Shipbuilding,BS6.SI,-10.664521,2020-10-19
Keppel Corporation,BN4.SI,-9.342457,2020-10-19
CapitaLand Mall Trust,C38U.SI,-9.245676,2020-10-19
AEM Holdings,AWX.SI,-7.431065999999999,2020-10-19
Mapletree Industrial Trust,ME8U.SI,-7.417571000000001,2020-10-19
Mapletree Commercial Trust,N2IU.SI,-6.579111,2020-10-19
ComfortDelGro,C52.SI,-5.020541,2020-10-19
Wilmar International,F34.SI,-46.152434,2020-10-26
City Developments,C09.SI,-31.12381,2020-10-26
Ascendas REIT,A17U.SI,-22.3085006,2020-10-26
Singtel,Z74.SI,-19.1588881,2020-10-26
SIA,C6L.SI,-14.917825,2020-10-26
SGX,S68.SI,-7.424932999999999,2020-10-26
Thai Beverage,Y92.SI,-7.414315,2020-10-26
Mapletree Industrial Trust,ME8U.SI,-6.633896999999999,2020-10-26
Genting Singapore,G13.SI,-5.9738275,2020-10-26
DBS,D05.SI,-44.926086,2020-11-02
City Developments,C09.SI,-43.96441,2020-11-02
UOB,U11.SI,-43.716718,2020-11-02
Singtel,Z74.SI,-29.853054,2020-11-02
OCBC,O39.SI,-27.073708,2020-11-02
Venture Corporation,V03.SI,-26.496388,2020-11-02
CapitaLand Mall Trust,C38U.SI,-25.513316000000003,2020-11-02
SGX,S68.SI,-19.5993655,2020-11-02
Wilmar International,F34.SI,-16.254196,2020-11-02
City Developments,C09.SI,-15.152132,2020-11-09
ST Engineering,S63.SI,-13.391966,2020-11-09
Keppel DC REIT,AJBU.SI,-10.852040000000002,2020-11-09
SIA,C6L.SI,-10.516024000000002,2020-11-09
CapitaLand Integrated Commercial Trust,C38U.SI,-7.276831,2020-11-09
Yangzijiang Shipbuilding,BS6.SI,-7.0222545,2020-11-09
Nanoflim Technologies International,MZH.SI,-6.526412,2020-11-09
Genting Singapore,G13.SI,-5.7881345,2020-11-09
UOL Group,U14.SI,-5.536021,2020-11-09
Venture Corporation,V03.SI,-60.2392224,2020-11-16
Keppel DC REIT,AJBU.SI,-28.112642,2020-11-16
Mapletree Logistics Trust,M44U.SI,-22.5699695,2020-11-16
Wilmar International,F34.SI,-21.596017,2020-11-16
Sheng Siong,OV8.SI,-18.773967,2020-11-16
AEM Holdings,AWX.SI,-15.249832,2020-11-16
NetLink NBN Trust,CJLU.SI,-14.114714,2020-11-16
Singtel,Z74.SI,-13.869052599999996,2020-11-16
SGX,S68.SI,-12.594665,2020-11-16
Frasers Logistics & Commercial Trust,BUOU.SI,-11.214581,2020-11-16
Wilmar International,F34.SI,-35.971029,2020-11-23
CapitaLand Integrated Commercial Trust,C38U.SI,-25.96782,2020-11-23
AEM Holdings,AWX.SI,-21.862249,2020-11-23
Yangzijiang Shipbuilding,BS6.SI,-19.300277,2020-11-23
CapitaLand Retail China Trust,AU8U.SI,-13.238551,2020-11-23
Mapletree Logistics Trust,M44U.SI,-13.154805,2020-11-23
Dairy Farm International,D01.SI,-10.437148217100004,2020-11-23
SGX,S68.SI,-9.751685,2020-11-23
Venture Corporation,V03.SI,-8.768447,2020-11-23
Singtel,Z74.SI,-8.543772200000001,2020-11-23
Mapletree Industrial Trust,ME8U.SI,-21.020771,2020-11-30
Mapletree Logistics Trust,M44U.SI,-15.198558,2020-11-30
Sembcorp Marine,S51.SI,-12.821874799999994,2020-11-30
Dairy Farm International,D01.SI,-10.84397450309997,2020-11-30
Nanofilm Technologies International,MZH.SI,-7.166481,2020-11-30
Yangzijiang Shipbuilding,BS6.SI,-6.9343585,2020-11-30
Hongkong Land Holdings,H78.SI,-6.400755537900009,2020-11-30
CapitaLand Retail China Trust,AU8U.SI,-5.891678,2020-11-30
Top Glove Corporation,BVA.SI,-4.872784,2020-11-30
Yangzijiang Shipbuilding,BS6.SI,-92.4097135,2020-12-07
Dairy Farm International,D01.SI,-75.05300704170007,2020-12-07
Jardine Cycle & Carriage,C07.SI,-50.440983,2020-12-07
Singtel,Z74.SI,-49.2339544,2020-12-07
ComfortDelGro,C52.SI,-21.845769,2020-12-07
Mapletree Industrial Trust,ME8U.SI,-19.762051,2020-12-07
CapitaLand Integrated Commercial Trust,C38U.SI,-16.694353,2020-12-07
SIA,C6L.SI,-10.695532999999998,2020-12-07
Keppel DC REIT,AJBU.SI,-10.230321,2020-12-07
Wilmar International,F34.SI,-9.41395,2020-12-07
Singtel,Z74.SI,-102.4981517,2020-12-14
DBS,D05.SI,-56.885763,2020-12-14
Mapletree Logistics Trust,M44U.SI,-14.566306,2020-12-14
Mapletree Industrial Trust,ME8U.SI,-14.142128,2020-12-14
Sembcorp Marine,S51.SI,-9.685895400000009,2020-12-14
Ascendas REIT,A17U.SI,-9.154080999999998,2020-12-14
Keppel DC REIT,AJBU.SI,-5.764330999999999,2020-12-14
AEM Holdings,AWX.SI,-5.504279,2020-12-14
Riverstone Holdings,AP4.SI,-5.205422,2020-12-14
Singtel,Z74.SI,-48.6914921,2020-12-21
DBS,D05.SI,-41.486513,2020-12-21
Mapletree Industrial Trust,ME8U.SI,-23.074031,2020-12-21
Semcorp Marine,S51.SI,-22.0464017,2020-12-21
SIA,C6L.SI,-21.704167,2020-12-21
UOB,U11.SI,-19.338555,2020-12-21
Nanofilm Technologies International,MZH.SI,-13.405111,2020-12-21
Hongkong Land Holdings,H78.SI,-8.891370302499983,2020-12-21
Jardine Cycle & Carriage,C07.SI,-7.902047000000001,2020-12-21
Thai Beverage,Y92.SI,-7.684033,2020-12-21
Singtel,Z74.SI,-54.14347050000001,2020-12-28
SIA,C6L.SI,-14.557706,2020-12-28
Ascendas REIT,A17U.SI,-13.761241,2020-12-28
Jardine Cycle & Carriage,C07.SI,-12.470142,2020-12-28
SATS,S58.SI,-10.801742,2020-12-28
DBS,D05.SI,-9.093738999999998,2020-12-28
Top Glove Corporation,BVA.SI,-6.89496,2020-12-28
OCBC,O39.SI,-6.856527999999999,2020-12-28
Keppel Infrastructure Trust,A7RU.SI,-6.452793,2020-12-28
Mapletree Industrial Trust,ME8U.SI,-5.815551999999999,2020-12-28
Singtel,Z74.SI,-25.1679273,2021-01-04
DBS,D05.SI,-8.416248999999999,2021-01-04
UOB,U11.SI,-8.409462000000001,2021-01-04
ST Engineering,S63.SI,-7.20585,2021-01-04
Jardine Matheson,J36.SI,-5.937960028100005,2021-01-04
Keppel Infrastructure Trust,A7RU.SI,-5.452757,2021-01-04
Jardine Cycle & Carriage,C07.SI,-4.751089,2021-01-04
Frasers Logistics & Commercial Trust,BUOU.SI,-4.699387000000001,2021-01-04
NetLink NBN Trust,CJLU.SI,-3.677484,2021-01-04
Top Glove Corporation,BVA.SI,-2.925721,2021-01-04
City Developments,C09.SI,-66.271233,2021-01-11
Keppel DC REIT,AJBU.SI,-16.80698,2021-01-11
Ascendas REIT,A17U.SI,-15.305232,2021-01-11
Suntec REIT,T82U.SI,-12.343517,2021-01-11
SIA,C6L.SI,-11.705745,2021-01-11
Mapletree Logistics Trust,M44U.SI,-9.031131,2021-01-11
Genting Singapore,G13.SI,-9.021118,2021-01-11
Top Glove Corporation,BVA.SI,-8.004935,2021-01-11
UOL Group,U14.SI,-6.527096,2021-01-11
Mapletree Industrial Trust,ME8U.SI,-6.056879,2021-01-11
City Developments,C09.SI,-28.047928,2021-01-18
Ascendas REIT,A17U.SI,-20.558168,2021-01-18
ST Engineering,S63.SI,-19.500895,2021-01-18
Mapletree Industrial Trust,ME8U.SI,-10.168491,2021-01-18
Keppel Infrastructure Trust,A7RU.SI,-7.453333,2021-01-18
Sheng Siong Group,OV8.SI,-5.534894,2021-01-18
Jardine Matheson,J36.SI,-4.98946611650001,2021-01-18
Top Glove Corporation,BVA.SI,-4.312847,2021-01-18
Suntec REIT,T82U.SI,-4.299283,2021-01-18
Nanofilm Technologies,MZH.SI,-3.685289,2021-01-18
Singtel,Z74.SI,-124.418787,2021-01-25
DBS,D05.SI,-117.971856,2021-01-25
ComfortDelGro,C52.SI,-16.421127000000002,2021-01-25
SIA,C6L.SI,-15.516165,2021-01-25
CapitaLand Integrated Commerical Trust,C38U.SI,-14.236578000000002,2021-01-25
Frasers Logistics & Commercial Trust,BUOU.SI,-12.285262,2021-01-25
Mapletree Logistics Trust,M44U.SI,-11.596195000000002,2021-01-25
Yangzijiang Shipbuilding,BS6.SI,-10.976487,2021-01-25
Mapletree Industrial Trust,ME8U.SI,-9.939063,2021-01-25
DBS,D05.SI,-59.112390000000005,2021-02-01
Singtel,Z74.SI,-31.9437587,2021-02-01
Wilmar International,F34.SI,-23.32425,2021-02-01
SGX,S68.SI,-22.592932,2021-02-01
OCBC,O39.SI,-17.889169,2021-02-01
Keppel Corporation,BN4.SI,-17.19015,2021-02-01
ComfortDelGro,C52.SI,-12.337471,2021-02-01
Yangzijiang Shipbuilding,BS6.SI,-12.15841,2021-02-01
CapitaLand Integrated Commercial Trust,C38U.SI,-8.941725,2021-02-01
Singtel,Z74.SI,-68.1931457,2021-02-08
Thai Beverage,Y92.SI,-45.9836936,2021-02-08
Yangzijiang Shipbuilding,BS6.SI,-43.521943,2021-02-08
OCBC,O39.SI,-39.517278,2021-02-08
DBS,D05.SI,-34.905778,2021-02-08
Keppel Corporation,BN4.SI,-16.092759,2021-02-08
Yoma Strategic Holdings,Z59.SI,-9.836800000000002,2021-02-08
City Developments,C09.SI,-9.831471,2021-02-08
iFAST Corporation,AIY.SI,-9.327244,2021-02-08
ComfortDelGro,C52.SI,-8.419084999999999,2021-02-08
Thai Beverage,Y92.SI,-46.8536745,2021-02-15
Jardine Matheson,J36.SI,-15.9784765654,2021-02-15
ComfortDelGro,C52.SI,-13.983536,2021-02-15
ST Engineering,S63.SI,-10.262701,2021-02-15
Mapletree Industrial Trust,ME8U.SI,-7.896299,2021-02-15
Frasers Centrepoint Trust,J69U.SI,-5.966536,2021-02-15
Ascendas REIT,A17U.SI,-5.578931999999999,2021-02-15
Venture Corporation,V03.SI,-5.529148,2021-02-15
Manulife US REIT,BTOU.SI,-5.439777081399998,2021-02-15
Thai Beverage,Y92.SI,-41.257996,2021-02-22
DBS Group,D05.SI,-37.076386,2021-02-22
Jardine Matheson Holdings,J36.SI,-21.137056686000022,2021-02-22
ComfortDelGro,C52.SI,-18.354323,2021-02-22
Mapletree Logistics Trust,M44U.SI,-17.271016,2021-02-22
CapitaLand Integrated Commercial Trust,C38U.SI,-15.240934,2021-02-22
UOB,U11.SI,-13.288716,2021-02-22
Genting Singapore,G13.SI,-12.8869385,2021-02-22
Mapletree Commercial Trust,N2IU.SI,-12.825592,2021-02-22
Singtel,Z74.SI,-10.5430359,2021-02-22
Venture Corporation,V03.SI,-38.573192,2021-03-01
Mapletree Industrial Trust,ME8U.SI,-34.92253,2021-03-01
Ascendas REIT,A17U.SI,-33.146719,2021-03-01
AEM Holdings,AWX.SI,-26.338157,2021-03-01
Keppel DC REIT,AJBU.SI,-23.886453,2021-03-01
Thai Beverage,Y92.SI,-22.610567,2021-03-01
ComfortDelGro,C52.SI,-12.874927,2021-03-01
Mapletree Logistics Trust,M44U.SI,-11.490432,2021-03-01
Sheng Siong Group,OV8.SI,-11.427127,2021-03-01
Wilmar International,F34.SI,-11.380174999999998,2021-03-01
Singtel,Z74.SI,-32.7586379,2021-03-08
Venture Corporation,V03.SI,-26.75928,2021-03-08
SIA,C6L.SI,-17.846484,2021-03-08
AEM Holdings,AWX.SI,-16.464084,2021-03-08
Keppel DC REIT,AJBU.SI,-15.688518,2021-03-08
Ascendas REIT,A17U.SI,-15.558405,2021-03-08
Mapletree Industrial Trust,ME8U.SI,-15.234353,2021-03-08
UMS Holdings,558.SI,-12.721102,2021-03-08
Wilmar International,F34.SI,-8.789886,2021-03-08
Mapletree Commercial Trust,N2IU.SI,-8.622062,2021-03-08
Ascendas REIT,A17U.SI,-43.751422,2021-03-15
Singtel,Z74.SI,-37.1042808,2021-03-15
UOB,U11.SI,-34.258678,2021-03-15
Keppel DC REIT,AJBU.SI,-30.351112,2021-03-15
Venture Corporation,V03.SI,-25.680533,2021-03-15
Mapletree Industrial Trust,ME8U.SI,-24.668634,2021-03-15
Mapletree Logistics Trust,M44U.SI,-24.458231,2021-03-15
AEM Holdings ,AWX.SI,-23.513573,2021-03-15
ST Engineering,S63.SI,-19.467999,2021-03-15
DBS,D05.SI,-67.713829,2021-03-22
OCBC,O39.SI,-66.374572,2021-03-22
Keppel Corporation,BN4.SI,-35.043649,2021-03-22
Wilmar International,F34.SI,-29.198829,2021-03-22
Thai Beverage,Y92.SI,-24.663527,2021-03-22
SGX,S68.SI,-20.889695,2021-03-22
Hongkong Land,H78.SI,-20.4629320171,2021-03-22
Jardine Cycle & Carriage,C07.SI,-17.317643000000004,2021-03-22
SIA,C6L.SI,-16.108115,2021-03-22
SIA,C6L.SI,-58.744704,2021-03-29
Ascendas REIT,A17U.SI,-17.800042,2021-03-29
SGX,S68.SI,-16.0241,2021-03-29
SATS,S58.SI,-15.172867,2021-03-29
CapitaLand Integrated Commercial Trust,C38U.SI,-14.702335,2021-03-29
Thai Beverage,Y92.SI,-11.8245,2021-03-29
Genting Singapore,G13.SI,-10.580715,2021-03-29
Frasers Logistics & Commercial Trust,BUOU.SI,-8.066177,2021-03-29
Keppel Corporation,BN4.SI,-7.332246,2021-03-29
OCBC,O39.SI,-50.016493,2021-04-05
SIA,C6L.SI,-37.998169,2021-04-05
UOB,U11.SI,-32.943021,2021-04-05
Singtel,Z74.SI,-22.360952,2021-04-05
ST Engineering,S63.SI,-11.991668,2021-04-05
Top Glove Corporation,BVA.SI,-8.326635999999999,2021-04-05
Mapletree Commercial Trust,N2IU.SI,-8.284001,2021-04-05
Ascendas REIT,A17U.SI,-7.745656,2021-04-05
Hongkong Land,H78.SI,-7.35127644420001,2021-04-05
Singtel,Z74.SI,-36.6343638,2021-04-12
OCBC,O39.SI,-28.390676,2021-04-12
DBS,D05.SI,-17.965490999999997,2021-04-12
Frasers Logistics & Commercial Trust,BUOU.SI,-11.746775,2021-04-12
Keppel DC REIT,AJBU.SI,-7.715056,2021-04-12
Thai Beverage,Y92.SI,-7.299789,2021-04-12
CapitaLand Integrated Commercial Trust,C38U.SI,-7.248251999999999,2021-04-12
Oceanus Group,579.SI,-6.742075700000003,2021-04-12
UOL Group,U14.SI,-5.253046,2021-04-12
Yoma Strategic,Z59.SI,-5.0648872,2021-04-12
SIA,C6L.SI,-108.110473,2021-04-19
Genting Singapore,G13.SI,-22.9130755,2021-04-19
Venture Corporation,V03.SI,-20.352071,2021-04-19
Sembcorp Industries,U96.SI,-14.183944,2021-04-19
Keppel Corporation,BN4.SI,-13.699017,2021-04-19
UOB,U11.SI,-11.314703000000002,2021-04-19
Dairy Farm International,D01.SI,-10.262665534600002,2021-04-19
Thai Beverage,Y92.SI,-9.4068435,2021-04-19
SIA,C6L.SI,-38.527102,2021-04-26
Thai Beverage,Y92.SI,-20.2211405,2021-04-26
Wilmar International,F34.SI,-13.093489000000002,2021-04-26
SATS,S58.SI,-10.431089,2021-04-26
Frasers Centrepoint Trust,J69U.SI,-10.219538,2021-04-26
Suntec REIT,T82U.SI,-8.435604999999999,2021-04-26
NetLink NBN Trust,CJLU.SI,-5.2646655,2021-04-26
Aztech Global,8AZ.SI,-4.625805999999999,2021-04-26
Venture Corporation,V03.SI,-3.896599,2021-04-26
SIA,C6L.SI,-24.063793,2021-05-03
Wilmar International,F34.SI,-20.877955,2021-05-03
UOB,U11.SI,-14.013824,2021-05-03
Singtel,Z74.SI,-13.325519400000005,2021-05-03
Nanofilm Technologies,MZH.SI,-11.424455,2021-05-03
Sheng Siong,OV8.SI,-9.950766,2021-05-03
Frasers Centrepoint Trust,J69U.SI,-9.919052,2021-05-03
Thai Beverage,Y92.SI,-9.788007,2021-05-03
Venture Corporation,V03.SI,-54.956699,2021-05-10
AEM Holdings,AWX.SI,-53.871027,2021-05-10
Ascendas REIT,A17U.SI,-30.905237,2021-05-10
Wilmar International,F34.SI,-29.884379000000003,2021-05-10
SIA,C6L.SI,-28.057391,2021-05-10
ComfortDelGro,C52.SI,-13.768605,2021-05-10
Keppel DC REIT,AJBU.SI,-11.507486,2021-05-10
Mapletree Commercial Trust,N2IU.SI,-8.695403,2021-05-10
UOB,U11.SI,-8.309309999999998,2021-05-10
Ascendas REIT,A17U.SI,-22.634166,2021-05-17
Venture Corporation,V03.SI,-19.240013,2021-05-17
Thai Beverage,Y92.SI,-18.266726,2021-05-17
SIA,C6L.SI,-14.13827,2021-05-17
SATS,S58.SI,-12.294859,2021-05-17
Keppel DC REIT,AJBU.SI,-10.409583,2021-05-17
AEM Holdings,AWX.SI,-9.582974,2021-05-17
UMS Holdings,558.SI,-9.389363,2021-05-17
Aztech Global,8AZ.SI,-5.00221,2021-05-17
ComfortDelGro,C52.SI,-4.352828,2021-05-17
Ascendas REIT,A17U.SI,-32.014593,2021-05-24
UG Healthcare,8K7.SI,-11.094429,2021-05-24
Keppel REIT,K71U.SI,-9.088833,2021-05-24
Mapletree Industrial Trust,ME8U.SI,-8.800129,2021-05-24
Suntec REIT,T82U.SI,-7.384310999999999,2021-05-24
Golden Agri-Resources,E5H.SI,-7.320669,2021-05-24
Thai Beverage,Y92.SI,-6.855201500000002,2021-05-24
Hongkong Land,H78.SI,-6.479738994600001,2021-05-24
Frasers Centrepoint Trust,J69U.SI,-5.905948,2021-05-24
Wing Tai Holdings,W05.SI,-4.594693,2021-05-24
Suntec REIT,T82U.SI,-62.923157,2021-05-31
CapitaLand Integrated Commercial Trust,C38U.SI,-43.152046,2021-05-31
Ascendas REIT,A17U.SI,-32.393212,2021-05-31
Jardine Matheson,J36.SI,-26.953541320300005,2021-05-31
Wilmar International,F34.SI,-23.207929,2021-05-31
Keppel DC REIT,AJBU.SI,-18.701506,2021-05-31
City Developments,C09.SI,-15.891728,2021-05-31
Frasers Centrepoint Trust,J69U.SI,-13.08192,2021-05-31
Wing Tai Holdings,W05.SI,-12.282793,2021-05-31
Thai Beverage,Y92.SI,-12.1712275,2021-05-31
DBS,D05.SI,-56.247173,2021-06-07
Singtel,Z74.SI,-54.0009937,2021-06-07
Thai Beverage,Y92.SI,-17.9424195,2021-06-07
Ascendas REIT,A17U.SI,-14.688058000000002,2021-06-07
Yangzijiang Shipbuilding,BS6.SI,-13.229242,2021-06-07
AEM Holdings,AWX.SI,-12.28405,2021-06-07
Q & M Dental Group,QC7.SI,-9.8945775,2021-06-07
Keppel DC REIT,AJBU.SI,-7.214136999999999,2021-06-07
iFast Corporation,AIY.SI,-6.754307,2021-06-07
Jardine Matheson,J36.SI,-5.118799212000006,2021-06-07
Singtel,Z74.SI,-131.5218437,2021-06-14
DBS,D05.SI,-48.83219,2021-06-14
City Developments,C09.SI,-18.244981,2021-06-14
Keppel Corporation,BN4.SI,-17.19857,2021-06-14
Thai Beverage,Y92.SI,-13.896503999999998,2021-06-14
Frasers Logistics & Commercial Trust,BUOU.SI,-8.837532,2021-06-14
Keppel DC REIT,AJBU.SI,-8.489265,2021-06-14
Aztech Global,8AZ.SI,-8.181418,2021-06-14
Venture Corporation,V03.SI,-7.828926999999999,2021-06-14
Jardine Matheson,J36.SI,-6.8451688364999965,2021-06-14
OCBC,O39.SI,-90.888431,2021-06-21
Wilmar International,F34.SI,-51.891373,2021-06-21
Yangzijiang Shipbuilding,BS6.SI,-38.946071,2021-06-21
Singtel,Z74.SI,-36.9996418,2021-06-21
Keppel DC REIT,AJBU.SI,-21.644763,2021-06-21
CapitaLand Integrated Commercial Trust,C38U.SI,-18.813685,2021-06-21
Hanwell Holdings,DM0.SI,-17.923212,2021-06-21
Keppel Corporation,BN4.SI,-17.649122000000002,2021-06-21
City Developments,C09.SI,-16.221405,2021-06-21
UOB,U11.SI,-13.122878,2021-06-21
OCBC,O39.SI,-78.653874,2021-06-28
DBS,D05.SI,-32.64773,2021-06-28
Venture Corporation,V03.SI,-25.253912,2021-06-28
Thai Beverage,Y92.SI,-18.943095,2021-06-28
Keppel DC REIT,AJBU.SI,-13.245737,2021-06-28
Sembcorp Marine,S51.SI,-10.787861799999996,2021-06-28
Singtel,Z74.SI,-10.6883985,2021-06-28
SIA,C6L.SI,-10.615204,2021-06-28
Hongkong Land,H78.SI,-9.856480424299995,2021-06-28
Wilmar International,F34.SI,-7.659618,2021-06-28
City Developments,C09.SI,-41.552413,2021-07-05
SIA,C6L.SI,-31.40928,2021-07-05
Singtel,Z74.SI,-30.3796617,2021-07-05
Genting Singapore,G13.SI,-29.8536825,2021-07-05
Keppel DC REIT,AJBU.SI,-29.608019,2021-07-05
Ascendas REIT,A17U.SI,-18.045785,2021-07-05
Thai Beverage,Y92.SI,-11.982329,2021-07-05
Jardine Matheson,J36.SI,-8.372920156199998,2021-07-05
NetLink NBN Trust,CJLU.SI,-6.756765,2021-07-05
Hongkong Land,H78.SI,-6.602359973899993,2021-07-05
City Developments,C09.SI,-45.696569,2021-07-12
Singtel,Z74.SI,-27.7366702,2021-07-12
OCBC,O39.SI,-25.486118,2021-07-12
Keppel Corporation,BN4.SI,-19.835185,2021-07-12
ComfortDelGro,C52.SI,-17.351002,2021-07-12
Wilmar International,F34.SI,-13.990718,2021-07-12
SIA,C6L.SI,-7.927569000000001,2021-07-12
Yangzijiang Shipbuilding,BS6.SI,-6.986524999999999,2021-07-12
Jardine Cycle & Carriage,C07.SI,-5.121094,2021-07-12
Olam International,VC2.SI,-4.437095,2021-07-12
SIA,C6L.SI,-22.213859,2021-07-19
City Developments,C09.SI,-18.177607,2021-07-19
ComfortDelGro,C52.SI,-16.089754,2021-07-19
Mapletree Commercial Trust,N2IU.SI,-16.011778,2021-07-19
Genting Singapore,G13.SI,-14.4861745,2021-07-19
Singtel,Z74.SI,-13.690204299999998,2021-07-19
CapitaLand Integrated Commercial Trust,C38U.SI,-13.078946,2021-07-19
DBS,D05.SI,-11.6372016,2021-07-19
Hongkong Land,H78.SI,-11.257974531199991,2021-07-19
Wilmar International,F34.SI,-9.821022,2021-07-19
UOB,U11.SI,-28.314762,2021-07-26
DBS,D05.SI,-23.613899,2021-07-26
SIA,C6L.SI,-20.224009,2021-07-26
CapitaLand Integrated Commercial Trust,C38U.SI,-18.55822,2021-07-26
Singtel,Z74.SI,-18.2960251,2021-07-26
Jardine Matheson,J36.SI,-13.41403239570001,2021-07-26
City Developments,C09.SI,-12.438585,2021-07-26
Wilmar International,F34.SI,-10.726445,2021-07-26
ST Engineering,S63.SI,-5.093363,2021-07-26
Frasers Centrepoint Trust,J69U.SI,-4.091191,2021-07-26
DBS,D05.SI,-99.317215,2021-08-02
UOB,U11.SI,-49.867965,2021-08-02
Wilmar International,F34.SI,-47.475323,2021-08-02
Singtel,Z74.SI,-34.1163051,2021-08-02
OCBC,O39.SI,-30.521564,2021-08-02
iFAST Corporation,AIY.SI,-27.883124,2021-08-02
SGX,S68.SI,-17.360031,2021-08-02
Singapore Post,S08.SI,-13.9170445,2021-08-02
Jardine Matheson,J36.SI,-13.7524109132,2021-08-02
UOB,U11.SI,-74.08232100000001,2021-08-09
SGX,S68.SI,-58.309862,2021-08-09
OCBC,O39.SI,-52.817776,2021-08-09
Genting Singapore,G13.SI,-36.104959,2021-08-09
DBS,D05.SI,-34.484342000000005,2021-08-09
Keppel REIT,K71U.SI,-20.633047,2021-08-09
Keppel Corporation,BN4.SI,-19.828478,2021-08-09
SIA,C6L.SI,-19.718019,2021-08-09
City Developments,C09.SI,-14.191176,2021-08-09
Wilmar International,F34.SI,-10.762576,2021-08-09
OCBC,O39.SI,-74.388899,2021-08-16
SGX,S68.SI,-26.821269,2021-08-16
Mapletree Commercial Trust,N2IU.SI,-9.546008,2021-08-16
Genting Singapore,G13.SI,-9.270077,2021-08-16
SIA,C6L.SI,-8.778728999999998,2021-08-16
Singapore Post,S08.SI,-6.5787125,2021-08-16
Jardine Cycle & Carriage,C07.SI,-6.5278670000000005,2021-08-16
Keppel DC REIT,AJBU.SI,-6.3957250000000005,2021-08-16
Hongkong Land,H78.SI,-6.250372210799997,2021-08-16
Nanofilm Technologies International,MZH.SI,-5.382475,2021-08-16
Nanofilm Technologies International,MZH.SI,-73.088416,2021-08-23
OCBC,O39.SI,-58.236851,2021-08-23
ComfortDelGro,C52.SI,-11.21876,2021-08-23
Frasers Centrepoint Trust,J69U.SI,-9.712893,2021-08-23
SIA,C6L.SI,-8.735467,2021-08-23
CapitaLand China Trust,AU8U.SI,-8.379939,2021-08-23
ST Engineering,S63.SI,-7.853427999999999,2021-08-23
UMS Holdings,558.SI,-7.631679999999999,2021-08-23
NetLink NBN Trust,CJLU.SI,-5.8291345,2021-08-23
SGX,S68.SI,-33.686345,2021-08-30
OCBC,O39.SI,-14.668359,2021-08-30
ST Engineering,S63.SI,-11.578031,2021-08-30
Wilmar International,F34.SI,-9.931833,2021-08-30
Keppel REIT,K71U.SI,-8.571475,2021-08-30
Genting Singapore,G13.SI,-6.368387500000001,2021-08-30
Hutchison Port Holdings Trust,NS8U.SI,-5.07694264649,2021-08-30
UMS Holdings,558.SI,-4.387831,2021-08-30
Frasers Centrepoint Trust,J69U.SI,-3.09915,2021-08-30
Jardine Cycle & Carriage,C07.SI,-3.052121,2021-08-30
UOB,U11.SI,-40.014249,2021-09-06
DBS,D05.SI,-32.05751,2021-09-06
OCBC,O39.SI,-31.125992000000004,2021-09-06
SGX,S68.SI,-29.957877,2021-09-06
Wilmar International,F34.SI,-21.939464,2021-09-06
GSH Corporation,BDX.SI,-11.60654651,2021-09-06
Keppel Corporation,BN4.SI,-9.976851,2021-09-06
Genting Singapore,G13.SI,-8.9318425,2021-09-06
Keppel REIT,K71U.SI,-7.691922,2021-09-06
City Developments,C09.SI,-27.521014,2021-09-13
SIA,C6L.SI,-18.323199,2021-09-13
CapitaLand Integrated Commercial Trust,C38U.SI,-15.088037,2021-09-13
Jardine Matheson,J36.SI,-13.573041563900006,2021-09-13
Top Glove Corporation,BVA.SI,-9.689765,2021-09-13
UOB,U11.SI,-8.463489,2021-09-13
AIMS APAC REIT,O5RU.SI,-8.279789000000001,2021-09-13
Wilmar International,F34.SI,-7.557908999999999,2021-09-13
Frasers Centrepoint Trust,J69U.SI,-7.182774,2021-09-13
Ascott Residence Trust,HMN.SI,-6.421274,2021-09-13
Yangzijiang Shipbuilding,BS6.SI,-40.530966,2021-09-20
SIA,C6L.SI,-39.554202,2021-09-20
SGX,S68.SI,-27.984479,2021-09-20
Genting Singapore,G13.SI,-21.937377,2021-09-20
CapitaLand Integrated Commercial Trust,C38U.SI,-21.496924,2021-09-20
Frasers Centrepoint Trust,J69U.SI,-10.651105,2021-09-20
Wilmar International,F34.SI,-10.006503,2021-09-20
ComfortDelGro,C52.SI,-9.40589,2021-09-20
Ascott Residence Trust,HMN.SI,-8.1234085,2021-09-20
DBS,D05.SI,-150.678578,2021-09-27
OCBC,O39.SI,-37.451608,2021-09-27
Yangzijiang Shipbuilding,BS6.SI,-15.642297,2021-09-27
Venture Corporation,V03.SI,-12.183357,2021-09-27
Thai Beverage,Y92.SI,-11.3770415,2021-09-27
Riverstone Holdings,AP4.SI,-8.018046,2021-09-27
Ascott Residence Trust,HMN.SI,-7.0825675,2021-09-27
Keppel REIT,K71U.SI,-4.564792,2021-09-27
CapitaLand China Trust,AU8U.SI,-4.45564,2021-09-27
SGX,S68.SI,-51.024738,2021-10-04
Mapletree Industrial Trust,ME8U.SI,-19.325338,2021-10-04
Ascendas REIT,A17U.SI,-16.628716,2021-10-04
ComfortDelGro,C52.SI,-13.280544,2021-10-04
Singtel,Z74.SI,-12.4710955,2021-10-04
Genting Singapore,G13.SI,-12.293376,2021-10-04
ST Engineering,S63.SI,-12.145607000000002,2021-10-04
iFAST Corporation,AIY.SI,-10.578557,2021-10-04
AEM Holdings,AWX.SI,-7.371295,2021-10-04
Yangzijiang Shipbuilding,BS6.SI,-6.818581,2021-10-04
SGX,S68.SI,-55.356582,2021-10-11
UMS Holdings,558.SI,-13.755036,2021-10-11
Keppel DC REIT,AJBU.SI,-11.739267,2021-10-11
Nanofilm Technologies International,MZH.SI,-9.467118,2021-10-11
Venture Corporation,V03.SI,-9.040765,2021-10-11
Mapletree Logistics Trust,M44U.SI,-8.028366,2021-10-11
Genting Singapore,G13.SI,-7.875619,2021-10-11
Mapletree Industrial Trust,ME8U.SI,-7.400245,2021-10-11
Frencken Group,E28.SI,-6.476002,2021-10-11
Frasers Logistics & Commercial Trust,BUOU.SI,-6.050815999999999,2021-10-11
Keppel Infrastructure Trust,A7RU.SI,-20.1659605,2021-10-18
DBS,D05.SI,-18.894088000000004,2021-10-18
SGX,S68.SI,-18.727863,2021-10-18
CapitaLand China Trust,AU8U.SI,-16.545001,2021-10-18
Nanofilm Technologies International,MZH.SI,-16.319493,2021-10-18
Mapletree Industrial Trust,ME8U.SI,-9.871832,2021-10-18
Keppel DC REIT,AJBU.SI,-9.708945,2021-10-18
Ascendas REIT,A17U.SI,-9.63897,2021-10-18
Sheng Siong Group,OV8.SI,-7.712540000000001,2021-10-18
Wilmar International,F34.SI,-7.571588000000001,2021-10-18
SIA,C6L.SI,-30.215331,2021-10-25
Frasers Logistics & Commercial Trust,BUOU.SI,-12.591143,2021-10-25
Keppel DC REIT,AJBU.SI,-10.774876,2021-10-25
ComfortDelGro,C52.SI,-10.606816,2021-10-25
Mapletree Industrial Trust,ME8U.SI,-10.441658,2021-10-25
SGX,S68.SI,-8.872396,2021-10-25
CapitaLand China Trust,AU8U.SI,-8.837099,2021-10-25
Keppel REIT,K71U.SI,-6.263999,2021-10-25
CapitaLand Integrated Commercial Trust,C38U.SI,-6.192138,2021-10-25
ESR-REIT,J91U.SI,-6.1573675,2021-10-25
Singtel,Z74.SI,-36.4246863,2021-11-01
OCBC,O39.SI,-36.145092,2021-11-01
SIA,C6L.SI,-34.75708,2021-11-01
IFast Corporation,AIY.SI,-20.183322,2021-11-01
Wilmar International,F34.SI,-20.158156,2021-11-01
Mapletree Logistics Trust,M44U.SI,-11.133504,2021-11-01
CapitaLand Investment,9CI.SI,-10.833929,2021-11-01
Mapletree Industrial Trust,ME8U.SI,-10.687862,2021-11-01
CapitaLand China Trust,AU8U.SI,-10.028996,2021-11-01
Venture Corporation,V03.SI,-8.819491000000001,2021-11-01
SGX,S68.SI,-34.529752,2021-11-08
Yangzijiang Shipbuilding,BS6.SI,-30.126506,2021-11-08
Keppel Corporation,BN4.SI,-18.723225,2021-11-08
CapitaLand China Trust,AU8U.SI,-15.211436,2021-11-08
Venture Corporation,V03.SI,-11.034071,2021-11-08
SIA,C6L.SI,-10.791914,2021-11-08
ST Engineering,S63.SI,-10.112174,2021-11-08
City Developments,C09.SI,-9.168326,2021-11-08
Mapletree Industrial Trust,ME8U.SI,-7.610804999999999,2021-11-08
OCBC,O39.SI,-6.658454999999999,2021-11-08
OCBC,O39.SI,-43.538219,2021-11-15
DBS,D05.SI,-37.208948,2021-11-15
ComfortDelGro,C52.SI,-32.622942,2021-11-15
Yangzijiang Shipbuilding,BS6.SI,-20.871961,2021-11-15
SATS,S58.SI,-15.615083,2021-11-15
Mapletree Logistics Trust,M44U.SI,-15.111493,2021-11-15
AIMS APAC REIT,O5RU.SI,-14.112829,2021-11-15
SGX,S68.SI,-13.437668,2021-11-15
Mapletree Industrial Trust,ME8U.SI,-12.938066,2021-11-15
Singtel,Z74.SI,-38.4887248,2021-11-22
ComfortDelGro,C52.SI,-28.474555,2021-11-22
SIA,C6L.SI,-26.823866,2021-11-22
SGX,S68.SI,-21.358181,2021-11-22
Mapletree Industrial Trust,ME8U.SI,-18.374191,2021-11-22
Yangzijiang Shipbuilding Holdings,BS6.SI,-16.283037,2021-11-22
Ascendas REIT,A17U.SI,-11.375558,2021-11-22
Frencken Group,E28.SI,-7.581418,2021-11-22
Frasers Logistics & Commercial Trust,BUOU.SI,-6.881312999999999,2021-11-22
Wilmar International,F34.SI,-5.179183,2021-11-22
SIA,C6L.SI,-79.100762,2021-11-29
DBS,D05.SI,-42.045941,2021-11-29
Singtel,Z74.SI,-27.9203669,2021-11-29
OCBC,O39.SI,-24.450839,2021-11-29
Mapletree Logistics Trust,M44U.SI,-23.290781,2021-11-29
SGX,S68.SI,-15.593342,2021-11-29
UOB,U11.SI,-12.566227,2021-11-29
Riverstone Holdings,AP4.SI,-12.4581595,2021-11-29
Daiwa House Logistics Trust,DHLU.SI,-10.4379835,2021-11-29
SATS,S58.SI,-9.365765,2021-11-29
SIA,C6L.SI,-124.381279,2021-12-06
Singtel,Z74.SI,-59.835528,2021-12-06
Jardine Matheson,J36.SI,-49.58877990119999,2021-12-06
ComfortDelGro,C52.SI,-43.521732,2021-12-06
CapitaLand Integrated Commercial Trust,C38U.SI,-31.877504,2021-12-06
Thai Beverage,Y92.SI,-27.9495275,2021-12-06
OCBC,O39.SI,-26.098595000000007,2021-12-06
UOB,U11.SI,-24.030928,2021-12-06
City Developments,C09.SI,-17.453365,2021-12-06
Ascendas REIT,A17U.SI,-16.754766000000004,2021-12-06
CapitaLand Integrated Commercial Trust,C38U.SI,-46.821008,2021-12-13
Ascendas REIT,A17U.SI,-22.955228,2021-12-13
ST Engineering,S63.SI,-18.456641,2021-12-13
SIA,C6L.SI,-16.13711,2021-12-13
ComfortDelGro,C52.SI,-14.985036,2021-12-13
OCBC,O39.SI,-14.181026,2021-12-13
Thai Beverage,Y92.SI,-12.607725,2021-12-13
Yangzijiang Shipbuilding,BS6.SI,-11.356196,2021-12-13
Jardine Matheson,J36.SI,-9.336497432199987,2021-12-13
Digital Core REIT,DCRU.SI,-6.716709406600021,2021-12-13
ST Engineering,S63.SI,-29.246927,2021-12-20
SGX,S68.SI,-26.718471,2021-12-20
Singtel,Z74.SI,-25.9431329,2021-12-20
ComfortDelGro,C52.SI,-18.460535,2021-12-20
Ascendas REIT,A17U.SI,-17.801931,2021-12-20
City Developments,C09.SI,-14.400978,2021-12-20
CapitaLand Integrated Commercial Trust,C38U.SI,-14.021394,2021-12-20
Mapletree Logistics Trust,M44U.SI,-10.180629,2021-12-20
Genting Singapore,G13.SI,-9.3963625,2021-12-20
Mapletree Commercial Trust,N2IU.SI,-9.226076999999998,2021-12-20
City Developments,C09.SI,-28.644074,2021-12-27
Singtel,Z74.SI,-14.088512,2021-12-27
Wilmar International,F34.SI,-8.548653,2021-12-27
ComfortDelGro,C52.SI,-5.874192,2021-12-27
Keppel DC REIT,AJBU.SI,-5.825558,2021-12-27
Venture Corporation,V03.SI,-5.243142,2021-12-27
Thai Beverage,Y92.SI,-4.817176,2021-12-27
Ascendas REIT,A17U.SI,-3.949271,2021-12-27
CapitaLand Integrated Commercial Trust,C38U.SI,-2.29779,2021-12-27
Singtel,Z74.SI,-21.3949986,2022-01-03
OCBC,O39.SI,-12.865308,2022-01-03
Thai Beverage,Y92.SI,-7.236486,2022-01-03
Geo Energy Resources,RE4.SI,-5.479741499999999,2022-01-03
ST Engineering,S63.SI,-4.506699,2022-01-03
Keppel Corporation,BN4.SI,-4.2897680000000005,2022-01-03
Nanofilm Technologies International,MZH.SI,-4.266857,2022-01-03
NetLink NBN Trust,CJLU.SI,-3.7150455,2022-01-03
CapitaLand Investment,9CI.SI,-3.669192,2022-01-03
Mapletree Commercial Trust,N2IU.SI,-86.51987000000001,2022-01-10
ComfortDelGro,C52.SI,-17.339872,2022-01-10
Nanofilm Technologies International,MZH.SI,-16.081687,2022-01-10
AEM Holdings,AWX.SI,-12.8876194125,2022-01-10
Yangzijiang Shipbuilding,BS6.SI,-11.979741,2022-01-10
Singtel,Z74.SI,-6.9290544,2022-01-10
iFast Corporation,AIY.SI,-6.854951,2022-01-10
Keppel DC REIT,AJBU.SI,-5.467376,2022-01-10
Mapletree Logistics Trust,M44U.SI,-4.519679999999999,2022-01-10
Keppel REIT,K71U.SI,-3.673293,2022-01-10
ComfortDelGro,C52.SI,-25.290668,2022-01-17
Mapletree Logistics Trust,M44U.SI,-23.637708,2022-01-17
Thai Beverage,Y92.SI,-19.7678745,2022-01-17
CapitaLand Integrated Commercial Trust,C38U.SI,-17.062256,2022-01-17
ST Engineering,S63.SI,-16.838761,2022-01-17
Keppel DC REIT,AJBU.SI,-14.767629,2022-01-17
Venture Corporation,V03.SI,-14.608438,2022-01-17
Mapletree Commercial Trust,N2IU.SI,-13.450293,2022-01-17
Ascendas REIT,A17U.SI,-12.662298,2022-01-17
iFast Corporation,AIY.SI,-8.597527,2022-01-17
Nanofilm Technologies International,MZH.SI,-14.997928,2022-01-24
UMS Holdings,558.SI,-12.230103,2022-01-24
Keppel DC REIT,AJBU.SI,-8.632099,2022-01-24
IFast Corporation,AIY.SI,-8.331586999999999,2022-01-24
Ascendas REIT,A17U.SI,-7.005217000000001,2022-01-24
SGX,S68.SI,-5.263580999999999,2022-01-24
Mapletree Industrial Trust,ME8U.SI,-4.939768000000001,2022-01-24
Frencken Group,E28.SI,-3.550954,2022-01-24
Top Glove Corporation,BVA.SI,-3.3696085,2022-01-24
Mapletree Industrial Trust,ME8U.SI,-24.073669,2022-01-31
DBS,D05.SI,-23.84404600000001,2022-01-31
Keppel DC REIT,AJBU.SI,-14.855936,2022-01-31
Genting Singapore,G13.SI,-13.523121,2022-01-31
UMS Holdings,558.SI,-9.960702,2022-01-31
ST Engineering,S63.SI,-9.264416,2022-01-31
CapitaLand Integrated Commercial Trust,C38U.SI,-9.063352,2022-01-31
ComfortDelGro,C52.SI,-8.042424,2022-01-31
Venture Corporation,V03.SI,-7.364055,2022-01-31
Mapletree Commercial Trust,N2IU.SI,-7.330842,2022-01-31
Ascendas REIT,A17U.SI,-12.681128,2022-02-07
UMS Holdings,558.SI,-11.608863,2022-02-07
Venture Corporation,V03.SI,-11.371332,2022-02-07
AEM Holdings,AWX.SI,-10.454544,2022-02-07
Mapletree Commercial Trust,N2IU.SI,-10.343233,2022-02-07
Mapletree Industrial Trust,ME8U.SI,-8.219411000000001,2022-02-07
Mapletree Logistics Trust,M44U.SI,-8.088088,2022-02-07
SGX,S68.SI,-7.835881000000002,2022-02-07
UOL Group,U14.SI,-4.887082999999999,2022-02-07
Keppel DC REIT,AJBU.SI,-3.05122,2022-02-07
AEM Holdings,AWX.SI,-22.458781,2022-02-14
Mapletree Industrial Trust,ME8U.SI,-13.757622,2022-02-14
UMS Holdings,558.SI,-11.960248,2022-02-14
Mapletree Commercial Trust,N2IU.SI,-9.894638,2022-02-14
Nanofilm Technologies International,MZH.SI,-6.738402,2022-02-14
ParkwayLife REIT,C2PU.SI,-5.281964,2022-02-14
Raffles Medical Group,BSL.SI,-4.814414,2022-02-14
Ascendas REIT,A17U.SI,-3.857233,2022-02-14
iFast Corporation,AIY.SI,-3.617089,2022-02-14
AIMS APAC REIT,O5RU.SI,-3.080684,2022-02-14
DBS,D05.SI,-29.951631000000003,2022-02-21
Keppel DC REIT,AJBU.SI,-9.289001,2022-02-21
AEM Holdings,AWX.SI,-9.131931,2022-02-21
NetLink NNB Trust,CJLU.SI,-8.4498965,2022-02-21
Mapletree Industrial Trust,ME8U.SI,-8.082601,2022-02-21
Starhub,CC3.SI,-6.90344,2022-02-21
Venture Corporation,V03.SI,-5.085431000000001,2022-02-21
Ascendas India Trust,CY6U.SI,-4.998725,2022-02-21
Frencken Group,E28.SI,-4.728468,2022-02-21
Frasers Centrepoint Trust,J69U.SI,-4.69438,2022-02-21
OCBC,O39.SI,-291.752892,2022-02-28
UOB,U11.SI,-107.887621,2022-02-28
SIA,C6L.SI,-41.375005,2022-02-28
DBS,D05.SI,-18.409675000000004,2022-02-28
Venture Corporation,V03.SI,-14.120396,2022-02-28
Sasseur REIT,CRPU.SI,-11.243045,2022-02-28
Mapletree Commercial Trust,N2IU.SI,-11.005142,2022-02-28
SGX,S68.SI,-7.669029000000001,2022-02-28
Raffles Medical Group,BSL.SI,-6.4631050000000005,2022-02-28
CapitaLand China Trust,AU8U.SI,-3.934180000000001,2022-02-28
DBS,D05.SI,-269.232765,2022-03-07
OCBC,O39.SI,-122.778972,2022-03-07
UOB,U11.SI,-78.789376,2022-03-07
Venture Corporation,V03.SI,-40.515739,2022-03-07
Singtel,Z74.SI,-24.9086698,2022-03-07
UOL Group,U14.SI,-23.90281,2022-03-07
SATS,S58.SI,-8.044702000000001,2022-03-07
ComfortDelGro,C52.SI,-7.735582,2022-03-07
Keppel Corporation,BN4.SI,-7.575367999999999,2022-03-07
Rex International,5WH.SI,-7.105691,2022-03-07
OCBC,O39.SI,-58.017161,2022-03-14
SIA,C6L.SI,-40.6919129,2022-03-14
Venture Corporation,V03.SI,-24.963951,2022-03-14
Yangzijiang Shipbuilding,BS6.SI,-19.683298,2022-03-14
ComfortDelGro,C52.SI,-18.847551,2022-03-14
SATS,S58.SI,-10.906278,2022-03-14
Mapletree Commercial Trust,N2IU.SI,-10.039416,2022-03-14
Golden Agri-Resources,E5H.SI,-8.355928,2022-03-14
Jardine Matheson,J36.SI,-8.201387351100001,2022-03-14
Ascendas REIT,A17U.SI,-7.671909999999999,2022-03-14
Singtel,Z74.SI,-41.688584,2022-03-21
OCBC,O39.SI,-30.666179,2022-03-21
CapitaLand Investment,9CI.SI,-20.982257,2022-03-21
Hongkong Land,H78.SI,-16.695133672,2022-03-21
Frasers Logistics & Commercial Trust,BUOU.SI,-14.874207,2022-03-21
DBS,D05.SI,-13.936114,2022-03-21
Ascendas REIT,A17U.SI,-13.864883,2022-03-21
Yangzijiang Shipbuilding,BS6.SI,-12.661064,2022-03-21
Venture Corporation,V03.SI,-11.680674,2022-03-21
UOB,U11.SI,-57.374483,2022-03-28
Mapletree Logistics Trust,M44U.SI,-18.478589,2022-03-28
Geo Energy Resources,RE4.SI,-10.210091,2022-03-28
Lendlease Global Commercial REIT,JYEU.SI,-7.7560235,2022-03-28
Raffles Medical Group,BSL.SI,-6.92315,2022-03-28
Ascendas India Trust,CY6U.SI,-6.872823,2022-03-28
Keppel Corporation,BN4.SI,-6.530465,2022-03-28
Hongkong Land,H78.SI,-6.140853198500001,2022-03-28
OCBC,O39.SI,-5.360673,2022-03-28
Rex International,5WH.SI,-4.730058,2022-03-28
DBS,D05.SI,-81.339235,2022-04-04
UOB,U11.SI,-69.107972,2022-04-04
Keppel Corporation,BN4.SI,-30.429725,2022-04-04
Mapletree Commercial Trust,N2IU.SI,-29.038091,2022-04-04
Wilmar International,F34.SI,-25.667751,2022-04-04
Singtel,Z74.SI,-14.542844,2022-04-04
OCBC,O39.SI,-11.212463,2022-04-04
Olam Group,VC2.SI,-8.003903,2022-04-04
UOL Group,U14.SI,-7.994308,2022-04-04
Ascendas REIT,A17U.SI,-7.77783,2022-04-04
DBS,D05.SI,-109.106082,2022-04-11
OCBC,O39.SI,-35.53405,2022-04-11
UOB,U11.SI,-35.341995,2022-04-11
Yangzijiang Shipbuilding,BS6.SI,-28.534853,2022-04-11
CapitaLand Integrated Commercial Trust,C38U.SI,-14.668578,2022-04-11
SIA,C6L.SI,-12.942626,2022-04-11
Hongkong Land,H78.SI,-12.9332221145,2022-04-11
Wilmar International,F34.SI,-11.782673,2022-04-11
Venture Corporation,V03.SI,-10.362976,2022-04-11
DBS,D05.SI,-112.87803,2022-04-18
UOB,U11.SI,-58.946737,2022-04-18
OCBC,O39.SI,-50.166287,2022-04-18
Wilmar International,F34.SI,-22.810072,2022-04-18
Venture Corporation,V03.SI,-16.439149,2022-04-18
Yangzijiang Shipbuilding,BS6.SI,-13.518308,2022-04-18
Genting Singapore,G13.SI,-11.211897,2022-04-18
Mapletree Commercial Trust,N2IU.SI,-8.560367,2022-04-18
UOL Group,U14.SI,-7.682928,2022-04-18
Mapletree Industrial Trust,ME8U.SI,-5.068569,2022-04-18
DBS,D05.SI,-79.473134,2022-04-25
OCBC,O39.SI,-54.981815,2022-04-25
Yangzijiang Shipbuilding,BS6.SI,-40.213685,2022-04-25
Keppel DC REIT,AJBU.SI,-21.421496,2022-04-25
Venture Corporation,V03.SI,-13.919873,2022-04-25
Ascendas REIT,A17U.SI,-10.901036,2022-04-25
Mapletree Industrial Trust,ME8U.SI,-9.304531,2022-04-25
CapitaLand Investment,9CI.SI,-8.585109,2022-04-25
Wilmar International,F34.SI,-7.88954,2022-04-25
UOB,U11.SI,-6.937660999999999,2022-04-25
UOB,U11.SI,-59.244714,2022-05-02
Yangzijiang Financial,YF8.SI,-48.962894,2022-05-02
Mapletree Logistics Trust,M44U.SI,-24.078515,2022-05-02
DBS,D05.SI,-21.866428,2022-05-02
Thai Beverage,Y92.SI,-21.2227555,2022-05-02
Ascendas REIT,A17U.SI,-15.852214,2022-05-02
Mapletree Industrial Trust,ME8U.SI,-14.820545,2022-05-02
SGX,S68.SI,-12.923285,2022-05-02
Jardine Matheson,J36.SI,-12.2653034492,2022-05-02
iFast Corporation,AIY.SI,-12.219316,2022-05-02
Yangzijiang Financial,YF8.SI,-34.211765,2022-05-09
UOB,U11.SI,-29.469823,2022-05-09
SIA,C6L.SI,-13.514634,2022-05-09
Sembcorp Marine,S51.SI,-12.1607175,2022-05-09
Mapletree Industrial Trust,ME8U.SI,-10.916394,2022-05-09
DBS,D05.SI,-10.525745,2022-05-09
Mapletree Logistics Trust,M44U.SI,-10.250402,2022-05-09
CapitaLand Integrated Commercial Trust,C38U.SI,-8.573571999999999,2022-05-09
Thai Beverage,Y92.SI,-7.9799885,2022-05-09
Yangzijiang Shipbuilding,BS6.SI,-5.848157,2022-05-09
DBS,D05.SI,-99.625093,2022-05-16
UOB,U11.SI,-38.321048,2022-05-16
SIA,C6L.SI,-32.8167,2022-05-16
Mapletree Commercial Trust,N2IU.SI,-27.295117,2022-05-16
Yangzijiang Financial Holding,YF8.SI,-21.2861645,2022-05-16
Mapletree Logistics Trust,M44U.SI,-17.281099,2022-05-16
Ascendas REIT,A17U.SI,-13.331301,2022-05-16
CapitaLand China Trust,AU8U.SI,-10.405803,2022-05-16
Olam Group,VC2.SI,-9.892917,2022-05-16
Mapletree Industrial Trust,ME8U.SI,-8.061033,2022-05-16
DBS,D05.SI,-63.521482,2022-05-23
CapitaLand Integrated Commercial Trust,C38U.SI,-15.104875,2022-05-23
Yangzijiang Financial,YF8.SI,-13.3235385,2022-05-23
Singtel,Z74.SI,-11.161198,2022-05-23
Mapletree Logistics Trust,M44U.SI,-6.527886,2022-05-23
Frencken Group,E28.SI,-4.000334,2022-05-23
Keppel DC REIT,AJBU.SI,-3.985246,2022-05-23
Mapletree Industrial Trust,ME8U.SI,-3.390279,2022-05-23
Frasers Logistics & Commercial Trust,BUOU.SI,-3.358397,2022-05-23
Geo Energy Resource,RE4.SI,-2.739874,2022-05-23
DBS,D05.SI,-54.65680399999999,2022-05-30
UOB,U11.SI,-37.755452,2022-05-30
OCBC,O39.SI,-26.401543,2022-05-30
Wilmar International,F34.SI,-23.413858,2022-05-30
Suntec REIT,T82U.SI,-20.088736,2022-05-30
CapitaLand Integrated Commercial Trust,C38U.SI,-19.785547,2022-05-30
Ascendas REIT,A17U.SI,-19.057081,2022-05-30
Mapletree Commercial Trust,N2IU.SI,-11.23044,2022-05-30
Yangzijiang Financial,YF8.SI,-10.9271415,2022-05-30
CDL Hospitality Trusts,J85.SI,-7.535596,2022-05-30
DBS,D05.SI,-111.101127,2022-06-06
Singtel,Z74.SI,-107.4580131,2022-06-06
OCBC,O39.SI,-71.17328099999999,2022-06-06
SATS,S58.SI,-40.615949,2022-06-06
Yangzijiang Financial,YF8.SI,-13.454513,2022-06-06
Thai Beverage,Y92.SI,-10.6765525,2022-06-06
Netlink NBN Trust,CJLU.SI,-10.278714,2022-06-06
CapitaLand Investment,9CI.SI,-7.195670000000002,2022-06-06
Wilmar International,F34.SI,-6.809457000000002,2022-06-06
Keppel DC REIT,AJBU.SI,-5.662882,2022-06-06
UOB,U11.SI,-111.915643,2022-06-13
Singtel,Z74.SI,-42.262069,2022-06-13
DBS,D05.SI,-31.479399,2022-06-13
Yangzijiang Financial,YF8.SI,-22.3962205,2022-06-13
Thai Beverage,Y92.SI,-11.2361105,2022-06-13
SIA,C6L.SI,-9.811026,2022-06-13
Netlink NBN Trust,CJLU.SI,-5.571072,2022-06-13
Procurri Corp,BVQ.SI,-3.68796,2022-06-13
NIO,NIO.SI,-3.20334058667,2022-06-13
Jardine Matheson,J36.SI,-65.0787321496,2022-06-20
UOB,U11.SI,-42.950566,2022-06-20
SIA,C6L.SI,-30.713508,2022-06-20
Thai Beverage,Y92.SI,-16.6638295,2022-06-20
Keppel DC REIT,AJBU.SI,-11.990714,2022-06-20
Venture Corp,V03.SI,-11.248495,2022-06-20
SATS,S58.SI,-10.846588,2022-06-20
SGX,S68.SI,-7.709224,2022-06-20
Genting Singapore,G13.SI,-7.4157055,2022-06-20
Frasers Centrepoint Trust,J69U.SI,-7.382042,2022-06-20
UOB,U11.SI,-26.58093,2022-06-27
OCBC,O39.SI,-12.137289,2022-06-27
Suntec REIT,T82U.SI,-10.466013,2022-06-27
Jardine Cycle & Carriage,C07.SI,-9.755162,2022-06-27
Keppel DC REIT,AJBU.SI,-8.696329,2022-06-27
Yangzijiang Shipbuilding,BS6.SI,-8.575012,2022-06-27
CapitaLand Investment,9CI.SI,-8.443322,2022-06-27
Yangzijiang Financial,YF8.SI,-7.621453,2022-06-27
ComfortDelGro,C52.SI,-6.15355,2022-06-27
Ascendas REIT,A17U.SI,-6.131673,2022-06-27
DBS,D05.SI,-88.222314,2022-07-04
Singtel,Z74.SI,-37.2685583,2022-07-04
OCBC,O39.SI,-34.636562,2022-07-04
UOB,U11.SI,-31.517091,2022-07-04
Wilmar International,F34.SI,-13.380241,2022-07-04
SATS,S58.SI,-11.199802,2022-07-04
Yangzijiang Financial,YF8.SI,-11.0359955,2022-07-04
SIA,C6L.SI,-10.834371,2022-07-04
CapitaLand Investment,9CI.SI,-8.159236,2022-07-04
Yangzijiang Shipbuilding,BS6.SI,-7.9152845,2022-07-04
CapitaLand Integrated Commercial Trust,C38U.SI,-28.219503,2022-07-11
Yangzijiang Shipbuilding,BS6.SI,-26.367046,2022-07-11
Keppel REIT,K71U.SI,-10.803343,2022-07-11
Jardine Cycle & Carriage,C07.SI,-8.908319,2022-07-11
Hongkong Land,H78.SI,-7.038913411599999,2022-07-11
UOB,U11.SI,-6.033367,2022-07-11
AEM Holdings,AWX.SI,-5.507712,2022-07-11
Suntec REIT,T82U.SI,-5.164647,2022-07-11
Yangzijiang Financial,YF8.SI,-5.000011,2022-07-11
Genting Singapore,G13.SI,-4.595836,2022-07-11
UOB,U11.SI,-35.982033,2022-07-18
OCBC,O39.SI,-21.118437,2022-07-18
City Developments,C09.SI,-16.663395,2022-07-18
Hongkong Land,H78.SI,-12.3311462343,2022-07-18
Keppel Corp,BN4.SI,-8.99655,2022-07-18
Mapletree Commercial Trust,N2IU.SI,-8.26878,2022-07-18
AEM Holdings,AWX.SI,-5.400562,2022-07-18
Wilmar International,F34.SI,-4.596358,2022-07-18
Golden Agri-Resources,E5H.SI,-4.531401,2022-07-18
ST Engineering,S63.SI,-3.363534,2022-07-18
Thai Beverage,Y92.SI,-13.9203585,2022-07-25
Yangzijiang Financial,YF8.SI,-12.574238,2022-07-25
ST Engineering,S63.SI,-10.198708,2022-07-25
Wilmar International,F34.SI,-9.096252,2022-07-25
Genting Singapore,G13.SI,-5.511423,2022-07-25
First Resources,EB5.SI,-4.896232,2022-07-25
Suntec REIT,T82U.SI,-2.920342,2022-07-25
Singpost,S08.SI,-2.670636,2022-07-25
Frasers Centrepoint Trust,J69U.SI,-2.386055,2022-07-25
SATS,S58.SI,-2.320583,2022-07-25
UOB,U11.SI,-46.156818,2022-08-01
Singtel,Z74.SI,-44.7810933,2022-08-01
DBS,D05.SI,-32.53854799999999,2022-08-01
CapitaLand Integrated Commercial Trust,C38U.SI,-13.70089,2022-08-01
ST Engineering,S63.SI,-13.571471,2022-08-01
OCBC,O39.SI,-11.086388,2022-08-01
SGX,S68.SI,-8.550139,2022-08-01
Yangzijiang Financial Holding,YF8.SI,-8.4570915,2022-08-01
Keppel REIT,K71U.SI,-8.112216,2022-08-01
Ascendas REIT,A17U.SI,-7.25451,2022-08-01
UOB,U11.SI,-35.397796,2022-08-08
ST Engineering,S63.SI,-10.30294,2022-08-08
NetLink NBN Trust,CJLU.SI,-9.998732,2022-08-08
Yangzijiang Shipbuilding,BS6.SI,-7.8683985,2022-08-08
Yangzijiang Financial,YF8.SI,-5.6630015,2022-08-08
Keppel DC REIT,AJBU.SI,-5.26981,2022-08-08
Olam Group,VC2.SI,-4.243913,2022-08-08
Singapore Post,S08.SI,-4.133719,2022-08-08
UOL Group,U14.SI,-3.656556,2022-08-08
ComfortDelgro,C52.SI,-3.549171,2022-08-08
UOB,U11.SI,-36.760202,2022-08-15
Yangzijiang Financial,YF8.SI,-16.0693495,2022-08-15
CapitaLand Integrated Commercial Trust,C38U.SI,-15.369181,2022-08-15
Olam Group,VC2.SI,-9.839202,2022-08-15
Manulife US REIT,BTOU.SI,-7.487984798450002,2022-08-15
NetLink NBN Trust,CJLU.SI,-7.4080315,2022-08-15
Jardine Matheson,J36.SI,-7.023993033699991,2022-08-15
Hongkong Land,H78.SI,-6.9117622163,2022-08-15
Suntec REIT,T82U.SI,-3.441124,2022-08-15
Keppel Pacific Oak US REIT,CMOU.SI,-2.67670383805,2022-08-15
UOB,U11.SI,-47.410997,2022-08-22
DBS,D05.SI,-33.760913,2022-08-22
ST Engineering,S63.SI,-26.591435,2022-08-22
NetLink NBN Trust,CJLU.SI,-15.318873,2022-08-22
Yangzijiang Financial,YF8.SI,-13.0505495,2022-08-22
CapitaLand Integrated Commercial Trust,C38U.SI,-5.58472,2022-08-22
Suntec REIT,T82U.SI,-5.438071,2022-08-22
Olam Group,VC2.SI,-5.306216,2022-08-22
Ascott Residence Trust,HMN.SI,-5.100279,2022-08-22
ComfortDelGro,C52.SI,-4.455511,2022-08-22
SGX,S68.SI,-24.781801,2022-08-29
CapitaLand Investment,9CI.SI,-18.196955,2022-08-29
Mapletree Industrial Trust,ME8U.SI,-14.864218,2022-08-29
ST Engineering,S63.SI,-13.120433,2022-08-29
CapitaLand China Trust,AU8U.SI,-12.995043,2022-08-29
Jardine Matheson,J36.SI,-10.4073580113,2022-08-29
Frasers Logistics & Commercial Trust,BUOU.SI,-9.549951,2022-08-29
Ascott Residence Trust,HMN.SI,-7.172627,2022-08-29
Ascendas REIT,A17U.SI,-6.8857,2022-08-29
Wing Tai Holdings,W05.SI,-6.54279,2022-08-29
Jardine Matheson,J36.SI,-89.91165063570006,2022-09-05
ST Engineering,S63.SI,-27.139047,2022-09-05
SGX,S68.SI,-19.588525,2022-09-05
Keppel DC REIT,AJBU.SI,-10.619724,2022-09-05
Hongkong Land,H78.SI,-7.489215729700001,2022-09-05
SIA,C6L.SI,-7.162994,2022-09-05
Ascendas REIT,A17U.SI,-6.667023,2022-09-05
Frasers Centrepoint Trust,J69U.SI,-6.556008,2022-09-05
CapitaLand Investment,9CI.SI,-6.46058,2022-09-05
Frasers Logistics & Commercial Trust,BUOU.SI,-5.990124,2022-09-05
CapitaLand Investment,9CI.SI,-17.042685,2022-09-12
ST Engineering,S63.SI,-12.036411,2022-09-12
Yangzijiang Shipbuilding,BS6.SI,-9.085221,2022-09-12
Keppel DC REIT,AJBU.SI,-5.24311,2022-09-12
Chip Eng Seng Corporation,C29.SI,-4.5036905,2022-09-12
Frasers Logistics & Commercial Trust,BUOU.SI,-4.431894,2022-09-12
Venture Corporation,V03.SI,-3.710702,2022-09-12
Ascendas REIT,A17U.SI,-3.088741,2022-09-12
Novo Tellus Alpha SPAC,NTA.SI,-2.773,2022-09-12
AEM Holdings,AWX.SI,-2.631246,2022-09-12
Frasers Hospitality Trust,ACV.SI,-19.781691,2022-09-19
ST Engineering,S63.SI,-17.722011,2022-09-19
Wing Tai Holdings,W05.SI,-15.872676,2022-09-19
ComfortDelgro,C52.SI,-12.95196,2022-09-19
Mapletree Industrial Trust,ME8U.SI,-11.896122,2022-09-19
Keppel Corporation,BN4.SI,-9.3049,2022-09-19
Nanofilm Technologies,MZH.SI,-7.711087,2022-09-19
SPH REIT,SK6U.SI,-6.730288,2022-09-19
UOB,U11.SI,-6.399316,2022-09-19
Mapletree Logistics Trust,M44U.SI,-5.499457,2022-09-19
SATS,S58.SI,-28.393775,2022-09-26
ST Engineering,S63.SI,-22.149785,2022-09-26
Venture Corporation,V03.SI,-18.305906,2022-09-26
UOL Group,U14.SI,-14.380804,2022-09-26
Mapletree Pan Asia Commercial Trust,N2IU.SI,-13.216054,2022-09-26
Mapletree Logistics Trust,M44U.SI,-11.078989,2022-09-26
Keppel REIT,K71U.SI,-10.132696,2022-09-26
Ascendas REIT,A17U.SI,-8.523949,2022-09-26
SGX,S68.SI,-7.799165,2022-09-26
Keppel DC REIT,AJBU.SI,-6.678845,2022-09-26
UOB,U11.SI,-78.044695,2022-10-03
SATS,S58.SI,-60.092048,2022-10-03
OCBC,O39.SI,-50.931518,2022-10-03
CapitaLand Integrated Commercial Trust,C38U.SI,-42.486807,2022-10-03
Yangzijiang Shipbuilding,BS6.SI,-41.449141,2022-10-03
SIA,C6L.SI,-30.598243,2022-10-03
Jardine Matheson,J36.SI,-23.9330504033,2022-10-03
Mapletree Industrial Trust,ME8U.SI,-22.285082,2022-10-03
Frasers Logistics & Commercial Trust,BUOU.SI,-18.836725,2022-10-03
ST Engineering,S63.SI,-14.812106,2022-10-03
ST Engineering,S63.SI,-21.250822,2022-10-10
SATS,S58.SI,-19.748324,2022-10-10
Singtel,Z74.SI,-11.5819621,2022-10-10
Suntec REIT,T82U.SI,-9.596656,2022-10-10
SGX,S68.SI,-8.796614,2022-10-10
Thai Beverage,Y92.SI,-7.063612,2022-10-10
SIA,C6L.SI,-5.857286,2022-10-10
Sembcorp Industries,U96.SI,-5.438883,2022-10-10
Wilmar International,F34.SI,-5.321392,2022-10-10
NIO Inc,NIO.SI,-4.534580377730001,2022-10-10
OCBC,O39.SI,-37.740112,2022-10-17
SGX,S68.SI,-36.372812,2022-10-17
Jardine Cycle & Carriage,C07.SI,-19.179036,2022-10-17
ST Engineering,S63.SI,-16.735396,2022-10-17
CapitaLand Investment,9CI.SI,-15.76098,2022-10-17
SATS,S58.SI,-15.63263,2022-10-17
Mapletree Pan Asia Commerical Trust,N2IU.SI,-10.810026,2022-10-17
Mapletree Logistics Trust,M44U.SI,-9.996409,2022-10-17
Frasers Logistics & Commercial Trust,BUOU.SI,-9.220013,2022-10-17
Mapletree Industrial Trust,ME8U.SI,-7.047355,2022-10-17
UOB,U11.SI,-22.377819,2022-10-24
ST Engineering,S63.SI,-21.986213,2022-10-24
Singtel,Z74.SI,-17.3996229,2022-10-24
CapitaLand Ascendas REIT,A17U.SI,-15.833028,2022-10-24
SGX,S68.SI,-15.692066,2022-10-24
CapitaLand Integrated Commercial Trust,C38U.SI,-12.828358,2022-10-24
DBS,D05.SI,-11.698208,2022-10-24
Frasers Logistics & Commercial Trust,BUOU.SI,-11.387355,2022-10-24
Mapletree Industrial Trust,ME8U.SI,-10.695816,2022-10-24
Jardine Matheson,J36.SI,-9.7191706842,2022-10-24
Jardine Matheson,J36.SI,-23.3496108079,2022-10-31
SATS,S58.SI,-21.695062,2022-10-31
CapitaLand Investment,9CI.SI,-17.083974,2022-10-31
Suntec REIT,T82U.SI,-13.759532,2022-10-31
Hongkong Land,H78.SI,-12.6350068236,2022-10-31
Frasers Logistics & Commercial Trust,BUOU.SI,-4.002297,2022-10-31
SGX,S68.SI,-2.843597,2022-10-31
Yangzijiang Financial,YF8.SI,-2.423394,2022-10-31
NIO Inc,NIO.SI,-2.18784799802,2022-10-31
Keppel REIT,K71U.SI,-2.0103905,2022-10-31
